npp,age,biomass,season,temp,precip,teb,leaf
2084,104.429,18198.4,11,25.28333333,1888,0.55,broadleaf
2234,333.268,54522.6,12,26.91666667,2348.5,0.6,broadleaf
2714,213.382,41357.8,12,26.91666667,2348.5,0.6,broadleaf
2828,114.231,31556.8,12,26.725,2784.4,1.25,broadleaf
2882,113.477,21417,12,26.725,2784.4,1.25,broadleaf
774,79,11188,3,-3.533333333,407.8,1.8,broadleaf
1052,60,24520,6,7.991666667,1128.7,2.05,broadleaf
3100,60.697,16020.4,12,24.08333333,1079.3,2.05,broadleaf
2254,100.659,16552.8,12,24.08333333,1079.3,2.05,broadleaf
785,23,7380,6,5.3,2032.6,2.05,needle
1673,180,58330,6,5.3,2032.6,2.05,needle
630,20,2520,5,6.766666667,857.4,2.05,needle
920,100,32300,5,6.766666667,857.4,2.05,needle
1080,105,41100,5,6.766666667,857.4,2.05,needle
820,110,34600,5,6.766666667,857.4,2.05,needle
633,250,40000,5,6.766666667,857.4,2.05,needle
1530,103,49200,5,5.741666667,700.4,2.05,needle
1400,103,50600,5,5.741666667,700.4,2.05,needle
1600,103,54400,5,5.741666667,700.4,2.05,needle
990,105,34500,5,6.033333333,893.3,2.05,needle
1310,103,48800,5,5.741666667,700.4,2.05,needle
1570,103,50000,5,5.741666667,700.4,2.05,needle
1360,103,52900,5,5.741666667,700.4,2.05,needle
1560,103,61800,5,5.741666667,700.4,2.05,needle
2000,103,79400,5,5.741666667,700.4,2.05,needle
1675,450,91540,6,8.091666667,1603.8,2.05,needle
2352,23,7923,6,5.3,2032.6,2.05,needle
2487,180,59148,6,5.3,2032.6,2.05,needle
1936,10,7120,6,6.991666667,2380.2,2.05,needle
1428,40,31061,6,6.991666667,2380.2,2.05,needle
1218,40,41062,6,6.991666667,2380.2,2.05,needle
1719,70,41170,6,6.991666667,2380.2,2.05,needle
1905,70,47344,6,6.991666667,2380.2,2.05,needle
2989,47,39236,12,19.05,1590.7,2.2,broadleaf
2371,41,22451,12,21.64166667,1660.1,2.2,broadleaf
2168,110,57285,12,23.63333333,1820.1,2.2,broadleaf
1719,22,10090,12,22.94166667,1688.2,2.2,broadleaf
1923,49,32458,12,24.64166667,1233.5,2.2,broadleaf
1141,16,7562,12,21.64166667,89.6,2.2,needle
2346,25,18739,12,13.80833333,1174.1,2.4,broadleaf
1213,34,11415,9,15.3,1218.6,2.4,broadleaf
684,36,6746,12,17.25,1276.5,2.4,broadleaf
1843,42,15895,12,18.04166667,1368.5,2.4,broadleaf
1498,30,15976,9,15.3,106.7,2.4,needle
2038,18,14663,12,16.88333333,103.7,2.4,needle
1194,48,15426,9,14.46666667,1325.2,2.4,needle
1175,34,12887,9,15.3,1218.6,2.4,needle
3044,22,20635,12,23.81666667,1631.1,2.45,broadleaf
1785,28,15350,11,15.475,1629.7,2.45,broadleaf
2724,49,32437,12,16.83333333,1558.8,2.45,broadleaf
2720,97,53173,12,22.8,1696.9,2.45,broadleaf
844,140,31090,10,9.775,758,2.55,broadleaf
1890,90,35500,8,7.741666667,638.8,2.6,broadleaf
1720,90,37360,8,7.741666667,638.8,2.6,broadleaf
1340,100,25900,8,7.741666667,638.8,2.6,broadleaf
1066,40,11410,6,3.5,555.1,2.65,broadleaf
348,28,2410,6,3.275,601.3,2.65,needle
680,45,9210,6,3.275,601.3,2.65,needle
530,47,5170,6,3.275,601.3,2.65,needle
424,260,13318,4,-1.016666667,558.1,2.65,needle
2509,50,29779,12,18.575,1584.4,2.7,broadleaf
1823,25,15202,12,20.14166667,1600.7,2.7,broadleaf
2191,27,17346,12,18.09166667,1685.6,2.7,broadleaf
1268,85,23709,12,17.73333333,988.4,2.7,broadleaf
1099,71,19560,12,18.88333333,145.1,2.7,needle
791,27,6575,12,15.85,1159.7,3.15,broadleaf
1783,51,27290,12,17.66666667,1462.4,3.15,broadleaf
2350,35,23084,12,16.11666667,1718.4,3.15,broadleaf
1644,40,20723,12,16.11666667,1718.4,3.15,broadleaf
1321,60,22046,11,14.55,1722.5,3.15,broadleaf
2013,32,21627,12,15.425,1725.1,3.15,broadleaf
1491,44,22574,12,18.18333333,1328.5,3.15,broadleaf
1554,20,10816,12,19.19166667,1047,3.15,broadleaf
2315,81,38807,12,15.74166667,1696.9,3.15,broadleaf
1641,20,11253,12,15.83333333,1392.6,3.15,broadleaf
985,50,12671,12,15.83333333,1392.6,3.15,broadleaf
1337,40,14298,12,15.375,1266.7,3.15,broadleaf
1426,35,13802,11,14.375,1308.8,3.15,broadleaf
1438,22,10463,12,15.375,1266.7,3.15,broadleaf
1450,40,15573,12,15.375,1266.7,3.15,broadleaf
1775,20,12802,11,13.76666667,1266.8,3.15,broadleaf
2136,41,24023,12,15.34166667,1210.2,3.15,broadleaf
1066,30,9765,12,15.53333333,1247.5,3.15,broadleaf
3034,39,32869,11,15.15,1492.7,3.15,broadleaf
1828,65,28051,11,14.35,1252.6,3.15,broadleaf
2682,50,33300,12,15.575,1385.4,3.15,broadleaf
2051,20,14078,10,12.7,1358.9,3.15,broadleaf
1030,80,20094,11,14.375,1308.8,3.15,broadleaf
1205,25,9667,12,16.7,1356.7,3.15,broadleaf
1131,30,10246,12,15.85833333,1401,3.15,broadleaf
2898,25,26020,12,15.86666667,1401,3.15,broadleaf
736,30,7549,12,17.53333333,1381.7,3.15,broadleaf
952,50,11907,12,17.53333333,1381.7,3.15,broadleaf
1128,40,12061,12,16.73333333,1351.8,3.15,broadleaf
829,50,10151,12,15.83333333,1351.8,3.15,broadleaf
1562,30,15904,12,17.14166667,1331.3,3.15,broadleaf
1137,38,11958,12,16.73333333,1351.8,3.15,broadleaf
1520,20,10451,12,17.26666667,1296,3.15,broadleaf
1520,25,13725,12,15.53333333,1292.7,3.15,broadleaf
1813,40,20217,12,16.44166667,1260.8,3.15,broadleaf
1519,46,22187,12,17.025,1235.9,3.15,broadleaf
1865,30,16843,12,16.425,1325.8,3.15,broadleaf
1570,110,31334,11,15.21666667,1246.8,3.15,broadleaf
1487,30,13556,11,14.04166667,1198.5,3.15,broadleaf
1143,24,9803,11,13.93333333,1198.5,3.15,broadleaf
1317,23,9979,12,15.05,1170.2,3.15,broadleaf
1239,20,8641,11,14.13333333,1209.5,3.15,broadleaf
1467,20,10132,12,16.73333333,1300,3.15,broadleaf
970,45,11425,12,16.50833333,1292.3,3.15,broadleaf
1234,70,18467,12,16.05833333,1253.8,3.15,broadleaf
927,40,10293,12,15.5,1272.2,3.15,broadleaf
2021,51,24358,12,16.65833333,1390.5,3.15,broadleaf
605,70,12698,12,18.9,108.3,3.15,needle
1363,46,18863,12,15.56666667,94.3,3.15,needle
1084,30,9962,11,15.21666667,96.9,3.15,needle
2299,30,22494,12,15.74166667,93,3.15,needle
1123,25,9041,11,14.375,92.1,3.15,needle
946,27,8501,11,14.29166667,85.6,3.15,needle
2089,36,22057,12,17.26666667,1296,3.4,broadleaf
865,40,10594,12,15.53333333,1292.7,3.4,broadleaf
1609,30,14221,12,17.95,1789.8,3.4,broadleaf
1703,25,13874,12,19.725,1179.8,3.4,broadleaf
1336,26,11118,12,16.7,1356.7,3.4,broadleaf
1306,30,11870,12,16.43333333,1460.7,3.4,broadleaf
932,30,8491,12,17.14166667,1331.3,3.4,broadleaf
1676,46,19796,12,17.14166667,1331.3,3.4,broadleaf
1749,21,12581,12,19.175,1224.5,3.4,broadleaf
1666,35,13302,11,16.69166667,1544,3.4,broadleaf
1280,58,19487,12,17.75,147.7,3.4,needle
993,57,18763,12,18.9,108.3,3.4,needle
1196,28,11014,12,19.75833333,99.9,3.4,needle
1604,30,15262,10,13.45,89.3,3.4,needle
1161,61,10416,7,6.908333333,646.5,3.45,broadleaf
495,43,7176,7,8.208333333,746.3,3.45,broadleaf
1137,48,12319,9,12.225,916.1,3.45,broadleaf
1554,87,27235,12,15.45833333,1187.9,3.45,broadleaf
1506,58,19331,11,15.03333333,1094.5,3.45,broadleaf
1067,70,15752,12,14.25,1067.8,3.45,broadleaf
1565,30,14217,12,15.71666667,1408.9,3.45,broadleaf
774,30,8099,11,13.60833333,1244.5,3.45,broadleaf
1081,22,8831,11,13.16666667,933.2,3.45,broadleaf
1570,50,19898,12,16.43333333,1460.7,3.45,broadleaf
1699,22,13854,11,14.29166667,1378.3,3.45,broadleaf
1016,41,11047,12,15.7,1087.2,3.45,broadleaf
1286,31,12045,12,14.16666667,1087.2,3.45,broadleaf
882,40,9828,12,14.16666667,1087.2,3.45,broadleaf
1153,43,12714,11,13.875,1100.4,3.45,broadleaf
966,80,15728,11,13.29166667,1103.2,3.45,broadleaf
1200,70,18476,12,14.475,1103.2,3.45,broadleaf
855,70,12972,11,13.29166667,1103.2,3.45,broadleaf
1158,41,12972,11,13.29166667,1127,3.45,broadleaf
1228,31,9882,12,15.825,1237.7,3.45,broadleaf
998,50,18056,11,14.65,1024.7,3.45,broadleaf
1137,58,16804,9,10.51666667,1054.9,3.45,broadleaf
734,70,17166,7,9.116666667,975.9,3.45,broadleaf
1339,45,17565,9,12.03333333,1051.5,3.45,broadleaf
602,180,19400,5,1.35,600.5,3.45,broadleaf
1452,31,15546,5,4.908333333,625.4,3.45,needle
780,76,14003,9,12.225,916.1,3.45,needle
750,100,28381,7,9.941666667,930.6,3.45,needle
581,50,8156,6,5.008333333,712.1,3.45,needle
865,50,14655,11,13.59166667,1066.2,3.45,needle
1046,25,10473,12,15.25833333,1015.5,3.45,needle
939,30,10944,11,13.8,1048.4,3.45,needle
702,50,12079,12,14.69166667,1027.9,3.45,needle
1306,30,15198,12,14.69166667,1027.9,3.45,needle
752,45,11719,11,13.85,1050.7,3.45,needle
741,35,9639,7,9.25,951.7,3.45,needle
644,70,13085,11,14.63333333,1024.7,3.45,needle
764,35,10013,12,14.88333333,1035.1,3.45,needle
744,45,11707,12,16.41666667,1004.2,3.45,needle
1237,100,31308,10,13.21666667,141.6,3.45,needle
1432,23,9481,7,8.433333333,132.9,3.45,needle
2168,28,21882,9,14.53333333,99.1,3.45,needle
1388,160,24849,12,15.33333333,94.8,3.45,needle
1354,29,9288,7,8.683333333,903.1,3.45,needle
795,74,13559,12,14.94166667,1077.1,3.45,needle
1148,36,12731,12,14.25,1067.8,3.45,needle
729,29,6597,12,15.86666667,1305.5,3.45,needle
2663,49,27215,12,22.68333333,1847.3,3.55,broadleaf
1809,18,9925,12,22.6,1970.6,3.55,broadleaf
1755,39,15511,8,22.78333333,82.7,3.55,needle
2070,20,12810,12,19.54166667,1470,3.8,broadleaf
1855,42,21687,12,15.13333333,1675,3.8,broadleaf
1627,3,4739,12,15.13333333,1675,3.8,broadleaf
1873,34,17882,12,15.46666667,1564.2,3.8,broadleaf
2230,21,15680,12,17.23333333,1531.8,3.8,broadleaf
1569,75,28821,12,16.06666667,1453.6,3.8,broadleaf
2342,22,17161,12,16.04166667,1503.4,3.8,broadleaf
1854,26,15415,12,15.6,1883.2,3.8,broadleaf
1810,55,22639,12,15.71666667,1660.8,3.8,broadleaf
1423,60,23290,11,15.35833333,1660.8,3.8,broadleaf
2076,55,25924,10,13.59166667,1842.1,3.8,broadleaf
1433,64,19694,12,16.85,1554.7,3.8,broadleaf
2649,22,19861,12,16.425,1630.8,3.8,broadleaf
1520,55,30032,9,13.10833333,1121.7,3.8,broadleaf
533,80,11265,10,13.025,1015.6,3.8,needle
1372,53,22682,12,17.44166667,108.9,3.8,needle
1385,21,10560,12,15.575,98.7,3.8,needle
1484,30,13847,11,15.525,95.7,3.8,needle
1155,30,11663,12,15.13333333,89.7,3.8,needle
2033,54,36693,12,16.50833333,96.1,3.8,needle
713,32,7722,9,14.125,1509.7,3.8,needle
1007,53,18495,12,17.44166667,1792.7,3.8,needle
748,220,26425,7,9.908333333,952.1,3.8,needle
1380,222,57820,9,12.06666667,1710.6,3.9,broadleaf
916,30,14560,9,14.1,1322.6,3.9,broadleaf
1082,30,16092,9,14.1,1322.6,3.9,broadleaf
760,30,13338,9,14.1,1322.6,3.9,broadleaf
824,30,14562,9,14.1,1322.6,3.9,needle
1680,43,21196,10,12.7,1358.9,3.95,broadleaf
2251,40,23962,11,14.90833333,1822.6,3.95,broadleaf
1200,130,19515,12,15.60833333,1471,4.05,broadleaf
633,51,9895,12,15.7,1076.2,4.05,broadleaf
912,35,8987,12,14.475,1103.2,4.05,broadleaf
1481,30,15625,12,15.775,1088.9,4.05,broadleaf
1829,31,17225,12,16.5,1280.2,4.05,broadleaf
918,46,13335,12,15.925,1203.1,4.05,broadleaf
876,30,8041,12,14.04166667,1127,4.05,broadleaf
1361,32,15249,12,14.69166667,1287.9,4.05,broadleaf
925,38,11499,12,15.10833333,1276,4.05,broadleaf
1371,22,9939,10,13.19166667,1320.3,4.05,broadleaf
2071,21,14852,12,17.69166667,1206.2,4.05,broadleaf
1540,25,13780,12,17.26666667,1296,4.05,broadleaf
1477,59,19335,11,14.99166667,1572,4.05,broadleaf
2539,111,41481,11,14.90833333,1623.2,4.05,broadleaf
2166,90,38239,12,17.35833333,1812.6,4.05,broadleaf
3116,55,39025,12,18.61666667,1734.8,4.05,broadleaf
1863,35,21314,12,16.66666667,1678.1,4.05,broadleaf
1755,35,17037,11,14.35833333,1586.8,4.05,broadleaf
1739,24,13286,11,15.53333333,1447.3,4.05,broadleaf
1122,60,18259,12,16.89166667,1453.6,4.05,broadleaf
2636,50,31272,12,16.7,1532.1,4.05,broadleaf
1822,24,15639,12,15.49166667,1900,4.05,broadleaf
2020,29,20030,12,15.6,1883.2,4.05,broadleaf
2613,23,19465,11,15.15833333,1499.5,4.05,broadleaf
2255,19,15604,11,15.15833333,1499.5,4.05,broadleaf
1979,65,27422,11,15.49166667,1467.3,4.05,broadleaf
1678,45,18831,11,15.84166667,1509.3,4.05,broadleaf
1273,35,14486,11,15.84166667,1509.3,4.05,broadleaf
877,105,22221,9,11.2,882.3,4.05,broadleaf
1522,53,24567,12,15.05,1163.5,4.05,broadleaf
1850,40,17906,11,13.29166667,1127,4.05,broadleaf
986,55,15782,12,15.2,1303.2,4.05,needle
2287,25,19801,12,16.18333333,96.9,4.05,needle
1821,19,13682,12,15.59166667,93.2,4.05,needle
552,40,7772,8,12.34166667,76.2,4.25,broadleaf
1210,120,35440,8,8.733333333,955.2,4.7,broadleaf
1612,114,25161,12,17.56666667,1809.7,4.8,broadleaf
2258,25,14878,12,16.79166667,1862.6,4.8,broadleaf
1456,45,18483,12,18.175,1780,4.8,broadleaf
1816,120,39191,12,17.84166667,1771,4.8,broadleaf
1967,200,56526,12,18.23333333,1740.3,4.8,broadleaf
1565,40,20049,12,18.89166667,1697.6,4.8,broadleaf
2240,29,20546,12,17.375,1797,4.8,broadleaf
2550,99,55018,12,19.54166667,1625.5,4.8,broadleaf
2057,45,21973,12,19.74166667,1686.3,4.8,broadleaf
3125,55,39281,12,18.13333333,1780.6,4.8,broadleaf
3112,80,49566,12,18.13333333,1780.6,4.8,broadleaf
2646,50,31462,12,18.74166667,1637.1,4.8,broadleaf
2961,100,35352,12,20.26666667,1731.9,4.8,broadleaf
848,29,8650,12,15.33333333,1689.1,4.8,broadleaf
2586,31,25683,12,15.05,1675.4,4.8,broadleaf
1818,44,25198,12,18.09166667,1612.7,4.8,broadleaf
1541,24,12070,12,16.94166667,1044.4,4.8,broadleaf
1605,17,9759,12,17.78333333,1710.7,4.8,broadleaf
2777,30,24648,12,17.66666667,1643.3,4.8,broadleaf
2513,78,51948,12,18.11666667,1219.6,4.8,broadleaf
1700,25,13898,12,19.725,1179.1,4.8,broadleaf
1151,45,13977,12,19.29166667,1203,4.8,broadleaf
2275,80,34836,12,16.63333333,1417.5,4.8,broadleaf
1542,65,21333,12,17.29166667,1529.7,4.8,broadleaf
2136,54,27853,12,16.725,1560.7,4.8,broadleaf
3229,31,31694,11,17.725,1465.6,4.8,broadleaf
1750,7,9957,10,15.475,1652.4,4.8,broadleaf
1630,46,19574,10,15.475,1652.4,4.8,broadleaf
2220,43,25440,11,16.825,1652.4,4.8,broadleaf
1042,90,20974,7,9.116666667,1009.3,4.8,broadleaf
686,48,11565,12,19.86666667,109.8,4.8,needle
2014,54,37162,12,18.09166667,91.5,4.8,needle
1223,28,11395,12,16.90833333,90.1,4.8,needle
1041,101,24308,12,15.05,92.9,4.8,needle
1964,20,10004,12,16.9,98.7,4.8,needle
2117,28,19115,12,16.85833333,99.5,4.8,needle
2304,52,39675,12,16.44166667,97.2,4.8,needle
1127,22,8977,12,16.825,1652.4,4.8,needle
2062,35,30810,12,15.59166667,1806.8,4.8,needle
2163,50,42690,12,16.56666667,2074.4,5.15,broadleaf
1857,50,44020,12,16.56666667,2074.4,5.15,broadleaf
1762,50,47000,12,16.56666667,2074.4,5.15,broadleaf
673,121,49070,11,14.65833333,2162.3,5.15,needle
1860,20,8530,8,11.89166667,1652.2,5.15,needle
1680,70,17840,8,11.89166667,1652.2,5.15,needle
1450,90,28520,8,11.89166667,1652.2,5.15,needle
1280,130,31100,8,11.89166667,1652.2,5.15,needle
607,443,58330,11,14.65833333,2162.3,5.15,needle
1130,48,30330,12,15.85833333,2240.6,5.15,needle
1380,50,27360,12,15.85833333,2240.6,5.15,needle
1440,48,31780,12,15.85833333,2240.6,5.15,needle
1100,50,26380,12,15.85833333,2240.6,5.15,needle
870,443,68854,10,14.425,2069,5.15,needle
1394,145,60834,10,14.425,2069,5.15,needle
977,86,27829,4,3.4,621.5,5.3,needle
1493,121,36392,12,14.70833333,1112.7,5.5,broadleaf
955.9,5.5,3872,12,24.125,3069.2,6,broadleaf
1210,22.5,13189,12,24.125,3069.2,6,broadleaf
1028.5,22.5,8712,12,24.125,3069.2,6,broadleaf
1488.3,50,9680,12,24.125,3069.2,6,broadleaf
1127,150,35700,10,13.25,1654.1,6.6,broadleaf
1090,150,31734,8,11.4,1709.2,6.6,broadleaf
1110,100,25800,6,7.483333333,1426.4,6.6,needle
4370,26,23110,12,9.691666667,1689.1,6.6,needle
2520,121,105820,12,9.691666667,1689.1,6.6,needle
1600,9.2,2320,6,5.866666667,1441.1,6.75,broadleaf
1061,23,7531,9,11.81666667,797,7,broadleaf
1971,25,16080,11,13.63333333,1290.3,7,broadleaf
694,30,8128,11,14.58333333,833.1,7,needle
865,36,6656,5,5.275,576.6,8,broadleaf
923,33,8657,5,4.691666667,481.6,8,broadleaf
542,28,10360,7,7.341666667,383.1,8,broadleaf
741,56,6299,7,8.758333333,635.2,8.15,broadleaf
609,41,7075,7,10.475,568.8,8.15,broadleaf
952,65,8788,7,6.125,601.5,8.15,broadleaf
1876,34,16901,7,7.391666667,422.7,8.15,broadleaf
444,59,5883,7,7.366666667,576.3,8.15,broadleaf
332,47,4289,7,9.916666667,600.1,8.15,needle
546,33,5736,7,7.35,565.1,8.15,needle
1032,120,14634,2,-0.308333333,717.5,8.6,broadleaf
698,82,11739,7,8.325,753.6,8.6,broadleaf
2387,50,28836,7,8.558333333,676.8,8.6,broadleaf
631,58,8454,1,-2.45,477.6,8.6,broadleaf
488,50,6200,2,-1.541666667,310.8,8.6,broadleaf
1055,45,13080,2,-1.541666667,310.8,8.6,broadleaf
1379,50,19108,6,5.883333333,637.3,8.6,broadleaf
1129,127,29152,2,-1.608333333,457.2,8.6,broadleaf
640,55,9906,5,1.658333333,639.4,8.6,needle
538,65,9702,5,1.658333333,639.4,8.6,needle
441,56,6922,5,1.658333333,639.4,8.6,needle
527,178,31151,5,4.175,663.2,8.6,needle
472,210,23203,4,0.233333333,780.1,8.6,needle
499,143,17498,5,2.616666667,686.5,8.6,needle
639,134,22403,4,1.866666667,715.6,8.6,needle
587,134,22610,4,0.608333333,704.9,8.6,needle
454,169,21037,5,2.625,712.3,8.6,needle
456,138,18910,4,0.416666667,684.6,8.6,needle
580,148,24310,4,1.95,667.9,8.6,needle
599,129,22077,5,4.741666667,716.3,8.6,needle
643,131,25968,7,7.741666667,706.6,8.6,needle
512,142,21501,4,0.95,704.9,8.6,needle
573,135,23366,4,0.608333333,704.9,8.6,needle
607,146,26668,4,0.608333333,691.6,8.6,needle
593,137,21179,4,0.608333333,704.9,8.6,needle
729,92,18993,4,0.6,716.3,8.6,needle
484,142,20529,4,1.95,667.9,8.6,needle
597,133,23269,4,1.95,667.9,8.6,needle
523,90,13503,4,0.4,634.6,8.6,needle
1095,48,12265,4,0.291666667,743.3,8.6,needle
485,214,27280,5,3.55,750.8,8.6,needle
762,133,28372,7,8.325,753.6,8.6,needle
361,113,14773,4,1.508333333,625.5,8.6,needle
479,100,16068,3,-0.658333333,633.2,8.6,needle
477,150,20780,4,3.016666667,617.2,8.6,needle
574,116,21790,4,0.625,654.3,8.6,needle
581,140,32134,2,0.55,452.4,8.6,needle
574,131,24878,2,-1.541666667,310.8,8.6,needle
606,105,16114,2,-1.541666667,310.8,8.6,needle
659,125,26011,4,2,565.1,8.6,needle
1316,115,55901,3,-3.25,269.1,8.6,needle
742,108,21810,2,-4.516666667,215,8.6,needle
586,150,30392,6,6.4,713.9,8.6,needle
729,100,27391,7,7.25,954,8.6,needle
600,120,20780,9,11.55,942.7,8.6,needle
545,70,11770,6,5.966666667,873.1,8.6,needle
814,51,14215,5,2.625,698.7,8.6,needle
952,40,14667,7,8.558333333,676.8,8.6,needle
1211,57,17862,2,-1.541666667,310.8,8.6,needle
854,35,8413,2,-1.608333333,457.2,8.6,needle
581,163,11737,2,-1.541666667,310.8,8.6,needle
1264,108,27627,7,8.558333333,676.8,8.6,needle
1423,38,12976,5,4.183333333,304.6,8.7,broadleaf
1090,96,23301,5,3.308333333,593.8,8.7,needle
207,79,5490,4,0.091666667,755.6,8.75,broadleaf
452,128,19844,7,8.666666667,209.1,8.9,needle
503,170,9725,5,0.666666667,386.4,9.15,needle
533,178,28780,7,7.95,245.1,9.4,needle
1010,55,18323,12,16.13333333,146.5,9.55,needle
1311,32,12151,5,2.333333333,654,10.25,broadleaf
910,89,14547,5,0.091666667,678.1,10.25,broadleaf
856,53,11306,4,-3.091666667,472.3,10.25,needle
525,93,12260,3,-5.158333333,446.7,10.25,needle
1111,39,9562,9,14,658.3,10.35,broadleaf
594,43,6772,9,14,658.3,10.35,broadleaf
1134,51,9508,7,9.85,673.5,10.35,broadleaf
1096,47,9220,5,4.908333333,614,10.35,broadleaf
843,37,8602,5,4.05,491.8,10.35,broadleaf
1671,32,15823,5,4.608333333,571.4,10.35,broadleaf
971,62,11721,7,8.3,514.1,10.35,needle
413,52,5748,5,4.733333333,632.1,10.35,needle
613,52,8517,7,6.475,584.2,10.35,needle
909,61,14318,5,4.908333333,632.1,10.35,needle
924,55,13918,5,4.741666667,614.1,10.35,needle
458,58,6776,7,5.833333333,591.4,10.35,needle
585,42,7303,5,4.908333333,614,10.35,needle
684,57,10213,5,4.908333333,614,10.35,needle
495,51,6811,5,4.608333333,571.4,10.35,needle
1486,80,21820,9,15.94166667,882.8,11.15,broadleaf
609,45,8838,12,16.29166667,1017.2,11.75,needle
1321,40,29970,12,11.45833333,1216.2,11.8,needle
1212,61,11185,7,6.925,499.7,12.05,broadleaf
1146,26,10417,7,7.025,684.6,12.05,broadleaf
1114,77,16820,5,2.733333333,630.9,12.05,broadleaf
1213,35,15297,5,1.7,656.9,12.05,broadleaf
672,102,11022,5,2.95,555,12.05,broadleaf
894,101,17429,5,4.266666667,569,12.05,broadleaf
1106,38,12098,5,4.266666667,569,12.05,broadleaf
802,28,7496,5,2.741666667,625.2,12.05,broadleaf
1014,20,7664,5,3.916666667,688.5,12.05,broadleaf
925,21,7023,5,3.916666667,688.5,12.05,broadleaf
1166,48,14725,5,4.433333333,750.5,12.05,broadleaf
1106,51,15103,5,5.058333333,899.9,12.05,broadleaf
562,68,8825,7,8.85,726.1,12.05,broadleaf
438,52,5933,7,8.208333333,746.3,12.05,broadleaf
600,45,7343,7,11.36666667,644.6,12.05,broadleaf
627,36,5042,7,7.933333333,629.1,12.05,broadleaf
751,50,6718,7,7.933333333,629.1,12.05,broadleaf
722,43,5867,7,7.933333333,629.1,12.05,broadleaf
1205,54,10587,7,7.008333333,661,12.05,broadleaf
1170,73,10938,7,7.933333333,629.1,12.05,broadleaf
1233,52,10596,7,6.908333333,646.5,12.05,broadleaf
1106,38,8839,6,5.008333333,712.1,12.05,broadleaf
998,61,8840,6,5.008333333,712.1,12.05,broadleaf
1253,54,10749,7,7.283333333,622.4,12.05,broadleaf
1191,48,10310,7,6.908333333,646.5,12.05,broadleaf
1285,53,11375,7,7.775,712.1,12.05,broadleaf
721,48,6477,7,6.125,601.5,12.05,broadleaf
798,47,6536,7,6.475,584.2,12.05,broadleaf
682,48,5828,5,4.741666667,614.1,12.05,broadleaf
1042,88,10215,5,4.741666667,614.1,12.05,broadleaf
1318,61,11698,7,5.833333333,591.4,12.05,broadleaf
660,48,5579,5,3.891666667,582.4,12.05,broadleaf
1076,50,10197,7,6.908333333,712.1,12.05,broadleaf
620,45,6550,7,6.908333333,712.1,12.05,broadleaf
548,31,4810,7,7.408333333,524.7,12.05,broadleaf
894,58,8447,7,6.925,499.7,12.05,broadleaf
800,40,8147,5,2.066666667,523,12.05,broadleaf
788,37,7937,5,5.175,470.5,12.05,broadleaf
1404,61,15079,5,2.733333333,630.9,12.05,broadleaf
575,77,8913,5,2.95,555,12.05,broadleaf
688,45,7363,4,-3.95,485.4,12.05,broadleaf
1272,68,15576,5,1.008333333,632.1,12.05,broadleaf
1940,41,19244,5,0.716666667,666.8,12.05,broadleaf
1860,30,16300,5,4.216666667,823.2,12.05,broadleaf
1484,68,18368,5,4.266666667,569,12.05,broadleaf
1888,35,17635,5,2.691666667,600.6,12.05,broadleaf
1925,38,17359,5,4.6,573.7,12.05,broadleaf
1828,37,17673,5,2.741666667,625.2,12.05,broadleaf
1643,25,12731,5,3.916666667,572.3,12.05,broadleaf
1250,50,13802,3,-6.5,468.8,12.05,broadleaf
1419,69,19205,3,-3.991666667,507.4,12.05,broadleaf
1525,68,20964,5,-0.233333333,483.7,12.05,broadleaf
666,36,6705,7,7.008333333,661,12.05,broadleaf
773,27,6534,6,5.008333333,712.1,12.05,broadleaf
743,59,9694,7,5.875,667.3,12.05,broadleaf
1363,26,11999,5,4.733333333,632.1,12.05,broadleaf
520,46,5903,5,4.733333333,632.1,12.05,broadleaf
981,39,10428,5,4.908333333,614,12.05,broadleaf
547,48,6442,5,4.908333333,614,12.05,broadleaf
464,66,6527,5,4.741666667,614.1,12.05,broadleaf
511,54,6487,5,4.741666667,614.1,12.05,broadleaf
978,61,13823,5,4.908333333,614,12.05,broadleaf
1109,38,12638,5,4.741666667,614.1,12.05,broadleaf
894,46,10505,5,4.908333333,614,12.05,broadleaf
990,32,9805,5,4.383333333,611.6,12.05,broadleaf
788,33,7717,5,4.05,491.8,12.05,broadleaf
632,47,7455,5,4.775,578.2,12.05,broadleaf
909,37,9685,5,3.816666667,589,12.05,broadleaf
1245,44,13686,7,8.983333333,917.7,12.05,broadleaf
752,52,8172,9,12.93333333,795.2,12.05,broadleaf
738,47,7684,7,8.683333333,965,12.05,broadleaf
1198,49,14193,8,9.825,896.1,12.05,broadleaf
1096,56,14842,7,9.458333333,896.1,12.05,broadleaf
718,83,12646,6,5.533333333,743.9,12.05,broadleaf
1590,45,16789,4,2.725,601.3,12.05,broadleaf
939,52,11703,7,8.2,749,12.05,broadleaf
812,72,13133,5,2.625,712.3,12.05,broadleaf
1194,63,16068,4,1.341666667,700.9,12.05,broadleaf
1224,50,13309,10,12.8,1047.2,12.05,broadleaf
1441,72,21733,9,11.01666667,950.7,12.05,broadleaf
997,26,8153,6,6.516666667,819.5,12.05,broadleaf
1311,23,9337,9,11.51666667,975.8,12.05,broadleaf
1298,51,16010,11,15.16666667,1185.4,12.05,broadleaf
643,95,16680,9,14.13333333,909.4,12.05,broadleaf
1369,75,25001,9,11.01666667,950.7,12.05,broadleaf
1367,101,29796,6,6.516666667,819.5,12.05,broadleaf
920,50,11554,11,13.125,1053.8,12.05,broadleaf
793,40,8804,12,15.7,1087.2,12.05,broadleaf
1911,22,13987,9,12.48333333,1623.2,12.05,broadleaf
1917,34,21476,12,17.64166667,1775.6,12.05,broadleaf
1968,33,20230,12,15.6,1883.2,12.05,broadleaf
1408,55,22514,10,13.75833333,1486.8,12.05,broadleaf
1754,55,27641,12,16.4,1900,12.05,broadleaf
1353,54,16749,10,13.625,1848.9,12.05,broadleaf
1605,60,21383,11,14.56666667,1749.1,12.05,broadleaf
1482,100,26477,7,8.075,826.5,12.05,broadleaf
1314,71,30398,10,12.8,1047.2,12.05,broadleaf
1367,100,30786,6,6.6,847.7,12.05,broadleaf
1000,100,21462,7,8.766666667,813.8,12.05,broadleaf
2168,100,49117,11,15.00833333,1002.8,12.05,broadleaf
1346,60,29578,11,14.63333333,1024.7,12.05,broadleaf
1568,90,42909,12,14.69166667,1027.9,12.05,broadleaf
1322,50,24318,6,4.791666667,775.9,12.05,broadleaf
932,150,24798,6,6.033333333,734.3,12.05,broadleaf
906,85,17884,9,10.51666667,1054.9,12.05,broadleaf
1426,85,26620,7,9.55,1014.2,12.05,broadleaf
1239,45,16184,9,12.2,1006.3,12.05,broadleaf
1393,85,25734,8,9.716666667,1040.2,12.05,broadleaf
968,120,22116,10,12.76666667,958,12.05,broadleaf
2457,100,50056,7,8.616666667,904.4,12.05,broadleaf
1066,70,24614,8,10.10833333,906,12.05,broadleaf
1046,120,25056,9,10.825,921.9,12.05,broadleaf
492,85,12917,7,8.95,878,12.05,broadleaf
859,100,17125,7,9.758333333,952.6,12.05,broadleaf
2134,25,18379,8,11.01666667,965.1,12.05,broadleaf
3201,20,22980,7,7.966666667,873.1,12.05,broadleaf
1260,70,29248,10,12.475,1210.2,12.05,broadleaf
1385,50,20037,11,13.525,1051.5,12.05,broadleaf
1868,35,24707,9,11.1,1126.1,12.05,broadleaf
996,134,26330,4,1.591666667,873.1,12.05,broadleaf
1124,105,25543,7,8.075,826.5,12.05,broadleaf
1305,87,24806,5,5.15,684.1,12.05,broadleaf
1100,90,22867,5,4.066666667,662.3,12.05,broadleaf
815,76,15746,4,1.366666667,579.8,12.05,broadleaf
1129,83,23847,6,6.516666667,819.5,12.05,broadleaf
961,104,19096,5,-2.925,497.2,12.05,needle
1340,195,23992,5,3.35,753.2,12.05,needle
318,100,5458,4,-3.95,485.4,12.05,needle
818,55,9791,3,-3.575,497.1,12.05,needle
787,136,16669,3,-5.141666667,468.8,12.05,needle
946,39,10276,3,-5.375,471.1,12.05,needle
673,36,6631,3,-3.475,488,12.05,needle
723,43,7888,3,-6.175,484,12.05,needle
601,35,6067,3,-5.883333333,472,12.05,needle
999,31,9375,3,-4.833333333,459.4,12.05,needle
770,48,7818,5,4.05,625.4,12.05,needle
946,46,9319,5,1.775,628.9,12.05,needle
627,193,14576,5,3.55,1021.7,12.05,needle
682,164,15938,4,1.341666667,1031.8,12.05,needle
607,75,9952,4,-3.95,485.4,12.05,needle
648,87,12675,11,15.16666667,1185.4,12.05,needle
324,125,7721,9,14.35,1135.9,12.05,needle
727,132,17344,5,4.266666667,569,12.05,needle
972,56,15413,5,3.633333333,581.9,12.05,needle
594,61,10002,5,0.5,725.8,12.05,needle
957,80,17990,7,8.983333333,917.7,12.05,needle
417,184,19515,4,2.725,601.3,12.05,needle
973,184,64589,7,7.491666667,962.3,12.05,needle
631,169,30435,4,1.591666667,873.1,12.05,needle
690,169,33461,4,2.725,728.8,12.05,needle
530,206,39900,3,0.533333333,728.7,12.05,needle
1182,119,45210,4,1.033333333,720.5,12.05,needle
699,122,24318,5,2.625,712.3,12.05,needle
722,103,22740,5,2.625,712.3,12.05,needle
442,121,16047,5,2.616666667,686.5,12.05,needle
581,137,23886,4,1.95,667.9,12.05,needle
463,130,14619,5,2.616666667,686.5,12.05,needle
576,115,18352,5,2.616666667,686.5,12.05,needle
664,94,19698,5,2.616666667,680.1,12.05,needle
849,143,31821,7,9.483333333,603.5,12.05,needle
852,162,29945,5,3.491666667,678,12.05,needle
438,171,19718,6,5.05,723.9,12.05,needle
547,114,16054,6,5.525,684.7,12.05,needle
673,121,20214,7,6.883333333,654.1,12.05,needle
766,121,22558,5,2.483333333,705,12.05,needle
752,171,30496,5,2.483333333,705,12.05,needle
578,152,21602,6,5.216666667,746.3,12.05,needle
462,148,21151,4,1.95,677.1,12.05,needle
823,150,36008,4,0.95,691.6,12.05,needle
544,158,25110,4,0.95,691.6,12.05,needle
508,154,23677,4,0.95,691.6,12.05,needle
694,150,26256,4,1.658333333,677.1,12.05,needle
602,148,26488,4,1.233333333,686.5,12.05,needle
460,144,16732,4,1.825,649.3,12.05,needle
500,137,18885,4,2.125,663.4,12.05,needle
894,114,22047,4,0.4,634.6,12.05,needle
894,114,22047,4,0.4,634.6,12.05,needle
526,131,18201,5,2.625,712.3,12.05,needle
628,140,25948,4,1.233333333,689,12.05,needle
577,167,26759,4,1.95,667.9,12.05,needle
602,109,17555,4,0.4,637.1,12.05,needle
629,119,22134,4,1.233333333,689,12.05,needle
652,146,29688,4,1.233333333,689,12.05,needle
476,137,18780,4,0.608333333,704.9,12.05,needle
1068,175,49103,7,8.075,661,12.05,needle
814,152,46286,5,4.066666667,662.3,12.05,needle
502,143,23806,4,1.366666667,579.8,12.05,needle
733,149,33361,5,4.3,573.2,12.05,needle
457,160,22100,4,2.25,373.3,12.05,needle
760,144,35986,10,12.8,1047.2,12.05,needle
888,90,28703,9,10.06666667,918.1,12.05,needle
641,90,15957,7,8.833333333,875.7,12.05,needle
1170,100,33980,6,6.6,847.7,12.05,needle
1118,200,46762,7,9.691666667,841.7,12.05,needle
936,150,49775,7,8.191666667,821.4,12.05,needle
774,175,38693,5,4.175,765,12.05,needle
792,150,53006,6,6.033333333,734.3,12.05,needle
596,120,24659,6,6.4,695.9,12.05,needle
659,100,19353,7,7.425,616.2,12.05,needle
829,120,38386,7,9.466666667,933.4,12.05,needle
1402,100,45125,9,10.975,910.9,12.05,needle
621,122,21599,9,11.725,982.7,12.05,needle
542,200,36582,6,5.966666667,900,12.05,needle
547,160,27989,7,8.95,878,12.05,needle
682,161,27085,9,11.01666667,950.7,12.05,needle
718,105,24077,10,12.875,1064.4,12.05,needle
539,155,28713,6,6.516666667,819.5,12.05,needle
494,150,14073,3,-4.825,438.5,12.05,needle
437,180,14584,5,-2.2,534.1,12.05,needle
440,130,11526,3,-5.141666667,468.8,12.05,needle
590,90,12207,3,-4.516666667,425.6,12.05,needle
1147,60,17292,8,10.1,961.3,12.05,needle
981,86,27875,7,7.441666667,817.9,12.05,needle
295,36,3261,7,8.85,726.1,12.05,needle
624,60,9460,7,7.975,644.6,12.05,needle
525,56,7782,7,7.008333333,661,12.05,needle
646,56,9494,6,5.008333333,712.1,12.05,needle
710,15,4104,8,11.55833333,783.9,12.05,needle
1162,25,9001,6,5.008333333,712.1,12.05,needle
713,45,9213,6,5.008333333,712.1,12.05,needle
227,57,3217,7,6.533333333,650,12.05,needle
477,52,6564,7,6.533333333,650,12.05,needle
416,46,5406,7,6.533333333,650,12.05,needle
383,36,4289,7,6.416666667,657.4,12.05,needle
1149,30,16061,5,4.05,625.4,12.05,needle
685,30,7339,5,2.741666667,625.2,12.05,needle
1202,76,36188,7,8.075,826.5,12.05,needle
829,110,20985,9,11.91666667,1102,12.05,needle
678,120,18366,8,10.21666667,1061.4,12.05,needle
829,35,10788,7,8.191666667,821.4,12.05,needle
826,42,12382,10,12.875,1064.4,12.05,needle
1135,30,13211,7,8.616666667,904.4,12.05,needle
696,45,11186,7,8.616666667,904.4,12.05,needle
1149,50,20373,9,12.43333333,1064.6,12.05,needle
925,50,15571,7,9.941666667,930.6,12.05,needle
944,110,25190,9,10.975,1097,12.05,needle
1069,63,20519,9,11.69166667,1062.8,12.05,needle
1199,25,12029,9,10.19166667,975.9,12.05,needle
588,60,10769,9,10.44166667,931,12.05,needle
1143,22,10343,6,6.516666667,819.5,12.05,needle
1008,68,18632,9,11.725,982.7,12.05,needle
1174,20,9736,8,10.775,909.6,12.05,needle
529,150,13830,7,7.966666667,873.1,12.05,needle
1501,140,41826,9,11.03333333,959.7,12.05,needle
441,150,11228,7,7.966666667,873.1,12.05,needle
1215,48,19344,9,11.03333333,959.7,12.05,needle
452,100,10406,7,7.966666667,873.1,12.05,needle
1285,20,10656,8,11.04166667,952.6,12.05,needle
1038,23,9819,9,10.89166667,117.8,12.05,needle
814,36,9842,10,12.54166667,112.6,12.05,needle
1173,25,11372,9,12.49166667,96.9,12.05,needle
801,31,8419,9,12.275,122.2,12.05,needle
1226,52,18404,9,11.51666667,114.7,12.05,needle
1199,23,11424,11,16.075,1455.1,12.05,needle
1423,68,31153,5,4.066666667,662.3,12.05,needle
1052,70,25099,5,4.066666667,662.3,12.05,needle
964,71,17637,5,4.3,573.2,12.05,needle
522,108,13390,5,4.058333333,370.5,12.05,needle
1343,60,22479,5,5,1316.9,12.05,needle
662,50,7939,7,8.8,732.5,12.05,needle
655,38,5387,10,10.325,995.8,12.05,needle
851,60,11905,8,10.775,909.6,12.05,needle
1109,45,14477,7,8.45,846.3,12.05,needle
535,20,3055,8,11.01666667,965.1,12.05,needle
958,28,9100,9,11.90833333,1096.8,12.05,needle
592,199,18473,5,3.55,725.2,12.05,needle
490,214,12926,4,2.725,601.3,12.05,needle
853,130,23168,4,0.95,691.6,12.05,needle
603,86,10988,4,1.233333333,689,12.05,needle
1056,30,10584,7,8.575,647.1,12.15,broadleaf
1017,23,6912,8,11.75,775.6,12.15,broadleaf
1290,56,11330,7,7.933333333,629.1,12.15,broadleaf
690,66,10387,7,7.933333333,629.1,12.15,broadleaf
1131,42,12323,7,8.575,647.1,12.15,broadleaf
1349,94,23991,6,6.433333333,722.7,12.15,broadleaf
968,110,16579,5,2.616666667,686.5,12.15,broadleaf
674,166,35062,5,5.241666667,701.5,12.15,needle
864,163,32131,6,6.433333333,722.7,12.15,needle
567,151,23337,5,2.616666667,689,12.15,needle
526,23,4483,8,11.75,775.6,12.15,needle
529,38,6070,7,7.375,641.6,12.15,needle
533,15,3042,8,10.925,696.4,12.15,needle
887,24,7886,8,10.79166667,771.5,12.15,needle
825,20,5625,9,12.78333333,773.6,12.45,broadleaf
854,65,11533,9,14.45,880.9,12.45,broadleaf
692,98,13162,9,14.45,880.9,12.45,needle
676,86,16339,5,4.183333333,141.8,12.45,needle
665,261,47691,6,5.266666667,345,12.45,needle
325,45,4139,7,8.525,612.7,12.45,needle
517,44,6554,7,7.841666667,623.8,12.45,needle
957,56,13834,9,14.45,880.9,12.45,needle
880,100,33240,6,5.933333333,1506.3,12.7,broadleaf
903,100,37070,6,5.933333333,1506.3,12.7,broadleaf
1086,100,41550,6,5.933333333,1506.3,12.7,broadleaf
1159,100,41780,6,5.933333333,1506.3,12.7,broadleaf
583,100,20830,6,5.933333333,1506.3,12.7,broadleaf
592,100,18350,6,5.933333333,1506.3,12.7,broadleaf
671,100,24160,6,5.933333333,1506.3,12.7,broadleaf
1032,100,36490,6,5.933333333,1506.3,12.7,broadleaf
913,100,39230,6,5.933333333,1506.3,12.7,broadleaf
992,100,41900,6,5.933333333,1506.3,12.7,broadleaf
1006,100,37390,6,5.933333333,1506.3,12.7,broadleaf
1010,100,40100,6,5.933333333,1506.3,12.7,broadleaf
1038,100,43820,6,5.933333333,1506.3,12.7,broadleaf
1178,100,43390,6,5.933333333,1506.3,12.7,broadleaf
624,100,18350,6,5.933333333,1506.3,12.7,broadleaf
696,100,24850,6,5.933333333,1506.3,12.7,broadleaf
754,100,25760,6,5.933333333,1506.3,12.7,broadleaf
1410,196.9539394,20860.4,9,10.69166667,682.8,13,broadleaf
1608,181.2392593,15705.8,9,10.69166667,682.8,13,broadleaf
2388,90.48,17436.1,12,16.275,1307.6,13,broadleaf
1584,199.81,23914.44,12,16.275,1307.6,13,broadleaf
728,38,8020,5,3.233333333,538,13.1,broadleaf
513,120,8356,5,-1.416666667,485.3,13.1,broadleaf
645,65,9185,5,3.491666667,521.5,13.1,broadleaf
938,69,13141,5,3.066666667,550,13.1,broadleaf
1004,156,19520,5,3.025,626.6,13.1,broadleaf
563,125,15873,5,4.333333333,839.1,13.1,broadleaf
954,24,8524,7,6.416666667,1107.1,13.1,broadleaf
453,97,7040,5,-2.366666667,489.2,13.1,broadleaf
1037,78,16098,5,3.233333333,538,13.1,broadleaf
939,66,13366,5,3.608333333,543,13.1,broadleaf
689,36,6655,5,-1.416666667,485.3,13.1,broadleaf
1398,53,17708,5,3.358333333,530.8,13.1,broadleaf
1440,32,16944,5,2.333333333,654,13.1,broadleaf
1045,66,13589,5,3.491666667,521.5,13.1,broadleaf
1517,83,20602,5,4.333333333,839.1,13.1,broadleaf
991,30,8520,5,3.916666667,856,13.1,broadleaf
1870,40,18579,5,3.9,726.3,13.1,broadleaf
892,58,10917,5,-2.366666667,489.2,13.1,broadleaf
780,79,12092,5,-1.416666667,485.3,13.1,broadleaf
632,75,9368,5,-1.416666667,485.3,13.1,needle
659,108,13927,5,3.491666667,540.1,13.1,needle
994,158,24515,5,2.366666667,579.5,13.1,needle
668,59,7395,3,-5.075,476.6,13.1,needle
591,136,12653,5,-2.366666667,489.2,13.1,needle
1042,37,11052,4,-2.133333333,500.6,13.1,needle
743,77,12622,5,3.491666667,521.5,13.1,needle
578,84,9922,5,-1.416666667,485.3,13.1,needle
526,63,9505,3,-5.075,476.6,13.1,needle
1348,59,17810,8,8.416666667,760.1,13.25,broadleaf
1060,80,18120,8,8.416666667,760.1,13.25,broadleaf
1144,122,30440,8,8.416666667,760.1,13.25,broadleaf
1984,80,36988,11,13.74166667,1166,13.25,broadleaf
1726,46,21312,12,14.26666667,1233.9,13.25,broadleaf
1243,35,12432,10,16.025,1239.6,13.25,broadleaf
1237,25,10853,11,13.875,1151.8,13.25,broadleaf
1159,50,14902,11,14.8,1214.3,13.25,broadleaf
2117,16,12311,11,14.18333333,1163.1,13.25,broadleaf
2772,37,34049,12,14.55,1133.7,13.25,broadleaf
1059,28,9059,12,14.36666667,87.3,13.25,needle
1264,28,10793,12,13.95,79.6,13.25,needle
1166,23,9211,12,15.34166667,92.3,13.25,needle
969,26,8569,12,14.68333333,83.5,13.25,needle
1224,81,16828,8,10.36666667,911.9,13.8,broadleaf
1519,93,37212,8,10.36666667,911.9,13.8,broadleaf
521,120,25265,5,2.616666667,686.5,13.8,needle
798,118,33163,5,2.616666667,686.5,13.8,needle
628,169,26630,5,3.491666667,638.7,13.8,needle
449,100,13470,4,2.308333333,558.3,13.8,needle
425,110,14735,4,2.808333333,626.5,13.8,needle
1136,76,32720,8,10.36666667,911.9,13.8,needle
1074,40,13168,5,2.616666667,686.5,13.8,needle
567,40,6705,7,7.183333333,609.5,13.8,needle
377,42,4635,7,6.558333333,579.8,13.8,needle
1197,55,21546,8,10.36666667,911.9,13.8,needle
826,80,13073,8,10.36666667,911.9,13.8,needle
243,40,3298,4,11.39166667,52.9,14.15,broadleaf
331,53,5373,6,10.55833333,69.7,14.15,broadleaf
961,139,30636,3,11.075,61.5,14.15,needle
1140,65,10454,7,9.341666667,703.3,14.55,broadleaf
1143,58,10022,7,9.341666667,703.3,14.55,broadleaf
1889,27,15159,5,2.791666667,666.5,14.55,broadleaf
1366,36,13515,8,11.775,813.6,14.55,broadleaf
1212,51,13690,8,10.75833333,864,14.55,broadleaf
1551,55,17273,5,5.025,530.2,14.55,needle
507,50,6907,5,1.775,628.9,14.55,needle
613,125,14645,7,8.916666667,941.9,14.55,needle
580,43,4289,7,6.75,595.5,14.55,needle
965,41,11256,7,8.791666667,832,14.55,needle
1201,32,9765,6,4.65,560.1,14.65,broadleaf
753,29,7007,6,4.65,560.1,14.65,broadleaf
725,35,8837,1,12.25833333,29.7,14.65,broadleaf
197,50,3294,1,11.74166667,25.7,14.65,broadleaf
774,47,9512,3,-4.858333333,490.1,14.65,needle
885,50,11512,3,-5.016666667,489.4,14.65,needle
949,172,26933,5,3.608333333,219.9,14.65,needle
619,55,9255,5,0.866666667,459.2,14.65,needle
771,74,9829,5,3.508333333,271,14.65,needle
568,165,32388,4,3.291666667,677.3,14.65,needle
442,317,45568,5,4.45,652.8,14.65,needle
458,120,21250,1,-1.466666667,606.4,14.65,needle
3002,203.203,34412.4,12,25.43333333,2377.2,14.85,broadleaf
2842,160.225,27128.2,12,25.43333333,2377.2,14.85,broadleaf
799,26,7785,7,8.058333333,517,15.4,broadleaf
1608,37,15327,7,7.483333333,498.9,15.4,broadleaf
710,95,12762,7,9.208333333,851.3,15.4,needle
1082,36,12645,7,7.808333333,498.9,15.4,needle
1304,117,29620,8,8.733333333,955.2,15.5,broadleaf
895,90,16530,8,8.733333333,955.2,15.5,broadleaf
857,135,23690,9,9.025,1024.8,15.5,broadleaf
1646,75,14780,9,9.016666667,1014.5,15.5,broadleaf
612,84,10616,5,3.375,567.7,15.6,broadleaf
1306,37,13350,5,2.5,656.3,15.6,broadleaf
1264,40,14057,5,3.4,641.7,15.6,broadleaf
842,140,19732,5,2.5,648.3,15.6,broadleaf
1095,49,12862,5,2.083333333,605.3,15.6,broadleaf
1836,26,14124,5,2.75,656.3,15.6,broadleaf
1601,44,17084,5,3.4,641.7,15.6,broadleaf
1104,63,14709,5,0.233333333,585.7,15.6,broadleaf
1277,35,9046,5,3.225,623,15.6,broadleaf
1263,58,14608,5,2.5,648.3,15.6,broadleaf
1429,40,13268,5,3.058333333,635.5,15.6,broadleaf
1401,78,19507,5,3.925,625.7,15.6,broadleaf
1338,83,12110,6,6.975,983.7,15.6,broadleaf
1689,95,17760,6,6.975,983.7,15.6,broadleaf
1794,124,18920,6,6.975,983.7,15.6,broadleaf
2765,93,50965,12,21.8,2077.9,15.6,broadleaf
1078,110,15160,5,3.633333333,1310.1,15.6,broadleaf
765,85,13417,5,0.233333333,585.7,15.6,needle
1363,177,24047,5,2.5,648.3,15.6,needle
851,160,24609,5,3.225,623,15.6,needle
1028,142,25695,5,2.5,648.3,15.6,needle
1531,35,17074,7,7.441666667,848.6,15.6,needle
356,40,5017,3,11.44166667,51.5,16,broadleaf
1588,31,13322,9,14.09166667,906.6,17,broadleaf
454,159,12542,9,14.09166667,906.6,17,needle
654,39,6505,3,-3.758333333,459.6,17.85,needle
750,107,19411,5,-0.283333333,196.3,17.85,needle
852,116,35392,6,4.275,463.6,17.85,needle
702,103,13638,5,2.441666667,661.4,18.05,broadleaf
1695,44,18387,5,-3.5,487.6,18.05,broadleaf
1376,81,15567,5,2.441666667,661.4,18.05,broadleaf
607,33,5923,5,11.9,56.9,18.05,broadleaf
381,111,8683,5,-3.441666667,485,18.05,needle
919,53,12167,3,-5.308333333,502.4,18.05,needle
692,80,12820,3,-5.308333333,502.4,18.05,needle
986,100,20465,5,-3.441666667,485,18.05,needle
940,104,20335,5,0.8,634,18.05,needle
439,134,12743,5,-3.441666667,505.5,18.05,needle
684,53,9186,3,-5.308333333,502.4,18.05,needle
2021,130,33000,7,7.35,822.2,18.5,broadleaf
2400,50,24724,12,26.925,1089.3,18.8,broadleaf
885,156,26909,5,2.891666667,166.6,19.75,needle
795,33,8322,7,6.633333333,596.5,20.1,broadleaf
1030,32,11690,7,6.275,604.5,20.1,broadleaf
1102,53,9113,7,11.26666667,661.7,20.1,broadleaf
748,24,5088,9,13.05833333,600.2,20.1,broadleaf
679,61,10037,7,11.26666667,661.7,20.1,broadleaf
1208,52,10491,7,9.741666667,716.3,20.1,broadleaf
544,46,4479,7,9.741666667,716.3,20.1,broadleaf
589,36,4854,9,12.55833333,604.4,20.1,broadleaf
917,76,15103,7,9.741666667,716.3,20.1,broadleaf
395,56,5296,7,8.208333333,746.3,20.1,broadleaf
930,68,14345,7,11.2,703.3,20.1,broadleaf
1110,37,8346,7,8.958333333,725.3,20.1,broadleaf
282,70,4208,7,8.608333333,713.5,20.1,broadleaf
933,62,8793,7,9.258333333,674.5,20.1,broadleaf
835,60,7863,7,8.333333333,665.9,20.1,broadleaf
819,67,7455,7,8.433333333,663,20.1,broadleaf
671,49,5728,7,8.758333333,663,20.1,broadleaf
891,56,8337,7,9.6,610.8,20.1,broadleaf
492,60,4939,7,7.008333333,661,20.1,broadleaf
788,58,11124,7,7.375,641.6,20.1,broadleaf
671,36,6946,7,8.808333333,629.8,20.1,broadleaf
1113,51,9682,6,5.008333333,712.1,20.1,broadleaf
1158,39,9164,7,7.491666667,665.5,20.1,broadleaf
760,33,7660,7,7.491666667,665.5,20.1,broadleaf
828,66,7450,6,5.008333333,712.1,20.1,broadleaf
846,53,7266,6,5.008333333,712.1,20.1,broadleaf
1175,54,10373,7,7.775,622.4,20.1,broadleaf
802,35,6027,7,7.491666667,665.5,20.1,broadleaf
644,30,6123,7,9.708333333,668.7,20.1,broadleaf
683,60,6358,7,9.016666667,563.6,20.1,broadleaf
1307,59,11262,7,6.783333333,615.1,20.1,broadleaf
1281,46,10785,7,6.491666667,615.1,20.1,broadleaf
727,74,6747,7,6.058333333,630.6,20.1,broadleaf
1245,60,11003,7,6.691666667,690,20.1,broadleaf
903,61,8254,7,6.058333333,630.6,20.1,broadleaf
1204,46,9857,7,6.475,584.2,20.1,broadleaf
838,62,7648,7,5.75,597.3,20.1,broadleaf
1284,51,11222,7,5.75,597.3,20.1,broadleaf
1285,47,11106,7,5.75,597.3,20.1,broadleaf
1152,37,8890,7,5.725,551.6,20.1,broadleaf
984,36,7974,6,5.725,551.6,20.1,broadleaf
1052,30,9301,5,2.008333333,465.7,20.1,broadleaf
288,55,5073,7,8.208333333,746.3,20.1,broadleaf
531,29,4570,7,7.7,667.2,20.1,broadleaf
933,34,11217,7,8.808333333,629.8,20.1,broadleaf
857,36,9159,7,7.35,668.7,20.1,broadleaf
592,48,6549,7,6.058333333,630.6,20.1,broadleaf
1052,30,9944,7,6.691666667,690,20.1,broadleaf
888,40,10194,7,5.691666667,617.5,20.1,broadleaf
1326,44,16513,7,6.975,582.8,20.1,broadleaf
839,54,10783,7,6.475,632.1,20.1,broadleaf
428,58,5481,7,5.75,597.3,20.1,broadleaf
960,51,12800,7,6.575,611.6,20.1,broadleaf
518,40,5420,5,4.05,491.8,20.1,broadleaf
1162,36,11981,5,5.275,591.6,20.1,broadleaf
701,48,8338,5,4.608333333,571.4,20.1,broadleaf
833,38,8583,5,4,580.1,20.1,broadleaf
734,98,12235,7,6.733333333,676.4,20.1,broadleaf
691,43,6952,5,1.775,628.9,20.1,needle
1482,53,17462,5,4.383333333,611.6,20.1,needle
587,208,25978,7,6.733333333,676.4,20.1,needle
560,129,23729,3,-0.25,516.4,20.1,needle
572,140,27708,5,5.658333333,567.7,20.1,needle
356,53,5003,7,9.85,673.5,20.1,needle
331,36,3766,7,8.675,610.3,20.1,needle
777,37,8863,7,7.375,641.6,20.1,needle
261,50,3570,7,7.008333333,661,20.1,needle
332,59,5026,7,7.008333333,661,20.1,needle
587,56,8561,7,7.008333333,661,20.1,needle
357,43,4452,7,7.775,622.4,20.1,needle
699,43,8820,6,5.008333333,622.4,20.1,needle
393,68,6371,7,7.841666667,657.4,20.1,needle
427,56,6088,7,6.416666667,657.4,20.1,needle
609,38,7008,7,5.875,667.3,20.1,needle
487,66,7757,7,6.416666667,657.4,20.1,needle
763,36,8507,7,6.416666667,657.4,20.1,needle
392,61,6072,7,6.416666667,657.4,20.1,needle
632,41,7678,7,8.958333333,556.8,20.1,needle
411,46,5357,7,7.025,622.6,20.1,needle
351,61,5527,5,4.733333333,632.1,20.1,needle
393,33,4188,7,5.833333333,591.4,20.1,needle
389,51,5613,5,4.741666667,614.1,20.1,needle
474,59,7243,7,5.75,597.3,20.1,needle
396,59,5906,5,5.833333333,591.4,20.1,needle
355,66,5679,7,5.75,597.3,20.1,needle
522,55,7571,7,5.75,597.3,20.1,needle
333,56,4890,7,5.833333333,591.4,20.1,needle
552,48,7406,7,5.716666667,561.5,20.1,needle
497,52,7156,5,4.775,578.2,20.1,needle
923,42,10540,7,7.675,596.5,20.1,needle
1008,49,13091,5,3.3,467.7,20.1,needle
609,80,12512,5,5.658333333,567.7,20.1,needle
598,58,5278,7,10.99166667,676.6,20.25,broadleaf
754,38,8093,7,9.291666667,652.2,20.25,broadleaf
862,57,11435,7,7.933333333,629.1,20.25,broadleaf
1186,157,38637,5,1.825,175.9,20.25,needle
546,58,10742,7,8.866666667,157.4,20.25,needle
649,95,20160,7,8.866666667,157.4,20.25,needle
938,18,6473,12,8.891666667,1000.5,20.25,needle
502,45,6415,7,8.525,612.7,20.25,needle
1137,26,6426,7,10.28333333,121.7,20.25,needle
495,171,13820,3,-4.05,426.2,20.55,needle
889,59,12130,3,-6.033333333,478.5,20.55,needle
501,50,6848,5,-2.766666667,487.7,20.55,needle
423,171,15306,3,-4.05,426.2,20.55,needle
517,84,14950,7,7.708333333,374.3,21.5,needle
449,130,21670,7,7.708333333,374.3,21.5,needle
1158,212,56660,7,7.708333333,374.3,21.5,needle
936,246,23530,7,7.708333333,374.3,21.5,needle
229,46,2980,7,10.14166667,629.1,24,needle
463,38,5366,7,9.033333333,629.1,24,needle
1479,100,15610,12,17.09166667,1402.1,24.4,broadleaf
1520,54,19567,8,10.24166667,1190.9,24.4,broadleaf
2016,35,22216,12,18.75833333,1722,24.4,broadleaf
1063,53,18227,12,16.10833333,1346.9,24.4,broadleaf
1970,35,20011,12,16.975,1308.8,24.4,broadleaf
1347,35,13655,11,13.63333333,1290.3,24.4,broadleaf
1280,50,15891,12,17.09166667,1402.1,24.4,broadleaf
1216,45,13976,12,17.09166667,1402.1,24.4,broadleaf
1316,55,17251,12,18.36666667,1381.6,24.4,broadleaf
1993,20,13603,12,17.09166667,1402.1,24.4,broadleaf
1467,45,17040,12,18.36666667,1381.6,24.4,broadleaf
817,30,8491,12,17.74166667,1402.1,24.4,broadleaf
1326,30,13797,12,17.40833333,1453.9,24.4,broadleaf
776,50,9362,12,16.975,1381.7,24.4,broadleaf
720,50,11517,12,17.40833333,1381.7,24.4,broadleaf
968,20,7021,12,16.975,1373.6,24.4,broadleaf
1102,46,13238,12,16.78333333,1365.9,24.4,broadleaf
1232,50,15290,12,16.78333333,1523.3,24.4,broadleaf
1782,29,18347,12,16.4,1299.3,24.4,broadleaf
1528,61,23433,10,13.19166667,1320.3,24.4,broadleaf
757,100,15203,7,8.575,668.2,24.4,needle
465,151,12300,8,10.24166667,1190.9,24.4,needle
904,30,7754,8,10.24166667,1190.9,24.4,needle
922,26,8156,7,9.158333333,550.2,26.5,broadleaf
821,30,5918,7,11.55833333,637.3,26.5,broadleaf
513,50,6595,7,11.975,629.8,26.5,broadleaf
1175,57,10532,7,11.025,655.5,26.5,broadleaf
543,49,6964,7,8.85,726.1,26.5,broadleaf
393,44,4560,7,10.275,671.3,26.5,broadleaf
685,56,6261,7,9.258333333,673.5,26.5,broadleaf
1212,76,11031,7,8.333333333,665.9,26.5,broadleaf
1180,56,10271,7,8.433333333,663,26.5,broadleaf
486,50,4156,8,12.65,527.4,26.5,broadleaf
1072,51,9548,7,7.975,644.6,26.5,broadleaf
1185,50,9750,7,7.983333333,640.9,26.5,broadleaf
1000,56,8838,7,7.975,644.6,26.5,broadleaf
1049,34,7846,7,7.283333333,627.8,26.5,broadleaf
633,37,4929,7,7.283333333,622.4,26.5,broadleaf
967,81,9161,7,7.841666667,623.8,26.5,broadleaf
944,51,8085,7,7.283333333,627.8,26.5,broadleaf
1138,45,9179,7,7.775,627.8,26.5,broadleaf
911,52,7943,7,7.283333333,627.8,26.5,broadleaf
736,21,5324,7,8.566666667,571.2,26.5,broadleaf
948,51,8288,7,6.783333333,623.1,26.5,broadleaf
729,55,6409,7,5.875,667.3,26.5,broadleaf
1081,76,10354,7,6.491666667,615.1,26.5,broadleaf
697,59,6514,7,6.058333333,630.6,26.5,broadleaf
839,36,6312,7,8.025,576.3,26.5,broadleaf
1110,43,8738,7,6.85,595.5,26.5,broadleaf
564,56,5129,7,6.85,595.5,26.5,broadleaf
396,69,3604,7,7.35,601.5,26.5,broadleaf
817,35,6234,7,6.125,674.2,26.5,broadleaf
995,52,9091,7,6.975,582.8,26.5,broadleaf
942,41,7891,7,6.975,582.8,26.5,broadleaf
1046,57,9599,7,6.975,582.8,26.5,broadleaf
731,52,6425,7,8.525,539.4,26.5,broadleaf
559,45,6706,7,8.525,539.4,26.5,broadleaf
508,50,6615,7,6.475,584.2,26.5,broadleaf
616,43,5105,7,7.558333333,555.9,26.5,broadleaf
901,64,8274,7,7.558333333,555.9,26.5,broadleaf
551,71,5079,7,5.75,597.3,26.5,broadleaf
662,58,6042,7,6.575,550.6,26.5,broadleaf
699,30,4834,5,5.716666667,574.2,26.5,broadleaf
1048,63,12637,7,7.983333333,534.3,26.5,broadleaf
1289,55,14635,7,8.525,612.7,26.5,broadleaf
953,80,11795,7,7.433333333,682.2,26.5,broadleaf
1218,31,10950,7,9.158333333,550.2,26.5,broadleaf
969,50,11256,5,3.566666667,478.2,26.5,broadleaf
549,35,5389,7,7.7,635.2,26.5,broadleaf
630,65,9250,7,5.875,667.3,26.5,broadleaf
741,48,9482,7,6.125,601.5,26.5,broadleaf
1088,35,11908,5,4.741666667,614.1,26.5,broadleaf
640,41,7113,5,4.383333333,519.1,26.5,broadleaf
1004,31,9555,7,5.725,551.6,26.5,broadleaf
807,37,8700,7,6.525,571.4,26.5,broadleaf
499,49,5887,5,5.008333333,526.6,26.5,broadleaf
607,35,5796,5,4.825,465.7,26.5,broadleaf
596,49,7011,7,7.658333333,648.5,26.5,broadleaf
940,232,32132,7,10.88333333,928.5,26.5,broadleaf
725,54,7870,5,1.658333333,639.4,26.5,needle
834,57,13682,5,4.675,503.6,26.5,needle
426,243,28150,5,3.875,684.3,26.5,needle
842,91,28685,7,8.558333333,792.7,26.5,needle
652,144,26388,7,10.88333333,928.5,26.5,needle
763,156,24335,9,12.125,648.5,26.5,needle
633,170,26789,6,5.05,723.9,26.5,needle
451,128,14726,5,4.416666667,714.3,26.5,needle
1394,109,41352,9,11.89166667,612.3,26.5,needle
494,198,30327,5,4.133333333,737.6,26.5,needle
1169,46,13441,7,8.691666667,771.4,26.5,needle
477,164,21712,5,5.7,669,26.5,needle
377,55,5397,7,9.85,673.5,26.5,needle
352,28,3347,7,9.258333333,674.5,26.5,needle
424,24,3636,7,10.33333333,641.6,26.5,needle
286,35,3136,7,9.258333333,674.5,26.5,needle
211,28,1979,7,10.33333333,641.6,26.5,needle
700,59,10599,7,9.633333333,649.7,26.5,needle
386,60,5799,7,9.4,640.9,26.5,needle
363,33,3856,7,9.091666667,608.1,26.5,needle
368,29,3562,7,7.983333333,640.9,26.5,needle
428,56,6248,7,9.4,600.6,26.5,needle
431,56,6232,7,9.091666667,610.6,26.5,needle
266,56,3824,7,9.091666667,610.6,26.5,needle
202,56,2871,7,9.091666667,610.6,26.5,needle
774,45,11752,7,9.5,561.3,26.5,needle
344,30,3449,7,9.3,591.5,26.5,needle
448,50,6068,7,8.525,612.7,26.5,needle
255,46,3283,7,8.675,610.3,26.5,needle
425,29,4134,7,8.675,610.3,26.5,needle
225,41,2691,7,8.675,610.3,26.5,needle
419,36,4657,7,7.841666667,623.8,26.5,needle
661,62,10242,7,8.45,613.5,26.5,needle
504,39,5897,7,6.416666667,657.4,26.5,needle
442,51,6122,7,7.025,622.6,26.5,needle
277,46,3548,7,7.025,556.8,26.5,needle
347,41,4209,7,7.025,622.6,26.5,needle
711,37,5169,7,6.75,595.5,26.5,needle
527,49,4215,7,6.75,595.5,26.5,needle
365,53,5194,7,6.55,672.9,26.5,needle
421,35,4635,7,6.55,672.9,26.5,needle
355,52,4893,7,6.975,582.8,26.5,needle
515,62,8149,7,8.525,582.8,26.5,needle
453,55,6520,7,6.158333333,663.5,26.5,needle
643,53,9214,7,10.05,582.8,26.5,needle
543,50,7456,7,6.158333333,663.5,26.5,needle
609,64,9761,7,6.975,582.8,26.5,needle
522,61,8278,7,6.475,584.2,26.5,needle
394,55,5568,7,7.558333333,555.9,26.5,needle
819,63,12822,5,4.733333333,632.1,26.5,needle
767,56,11272,7,6.475,584.2,26.5,needle
419,50,5656,7,6.475,555.9,26.5,needle
421,56,6182,7,5.833333333,584.2,26.5,needle
457,54,6612,7,5.833333333,584.2,26.5,needle
417,71,7156,5,4.908333333,614,26.5,needle
818,30,5272,7,6.316666667,583.4,26.5,needle
303,51,4186,7,5.833333333,591.4,26.5,needle
456,47,6027,7,5.75,597.3,26.5,needle
226,47,2975,7,9.283333333,614,26.5,needle
604,56,8906,5,4.908333333,591.4,26.5,needle
472,56,6999,7,5.833333333,591.4,26.5,needle
284,66,4595,5,5.833333333,591.4,26.5,needle
496,41,5961,7,5.75,597.3,26.5,needle
329,56,4711,7,5.75,597.3,26.5,needle
345,62,5339,5,4.383333333,611.6,26.5,needle
301,58,4380,7,6.433333333,565.1,26.5,needle
348,27,3210,7,6.375,584.6,26.5,needle
438,54,6289,7,5.725,551.6,26.5,needle
379,31,3831,7,6.908333333,523.6,26.5,needle
624,50,8564,5,4.608333333,571.4,26.5,needle
559,68,9055,5,4.608333333,571.4,26.5,needle
550,28,5218,5,1.658333333,577.5,26.5,needle
563,51,7756,5,1.658333333,577.5,26.5,needle
853,30,5645,7,11.775,486.4,26.5,needle
580,26,4904,7,8.475,702.4,26.5,needle
801,25,6769,7,9.158333333,550.2,26.5,needle
941,35,11582,7,7.366666667,380.7,26.5,needle
635,93,12479,7,10.88333333,145.1,26.5,needle
724,64,10486,7,10.88333333,928.5,26.5,needle
1064,48,13256,6,6.575,701.6,26.5,needle
1516,60,22670,10,26.11666667,999.9,28.4,broadleaf
954,25,7924,12,15.34166667,1232,28.5,broadleaf
833,39,8782,5,3.466666667,594.9,28.5,broadleaf
1298,222,31562,12,15.05,1170.2,28.5,broadleaf
794,30,8398,7,9.683333333,166.2,28.5,broadleaf
1506,20,9174,11,15.64166667,1474.9,28.5,broadleaf
3033,71,47065,12,20.4,1353.3,28.5,broadleaf
2998,20,20165,12,17.84166667,1771,28.5,broadleaf
2876,40,31451,12,17.85,1788.4,28.5,broadleaf
2550,115,50419,12,17.65,1819.7,28.5,broadleaf
2600,200,42547,12,21.90833333,1733.2,28.5,broadleaf
2251,25,19001,12,22.28333333,1842.5,28.5,broadleaf
1616,20,11041,12,15.35833333,1245.7,28.5,broadleaf
3050,124,65730,12,17.66666667,1761,28.5,broadleaf
1504,59,20075,11,15.59166667,1452.1,28.5,broadleaf
1493,60,20489,12,16.65,1463.4,28.5,broadleaf
2192,20,15199,12,17.4,1321.5,28.5,broadleaf
2030,29,19459,11,15.61666667,1670.2,28.5,broadleaf
2362,47,30508,12,18.01666667,1590.9,28.5,broadleaf
1867,13,10951,12,18.01666667,1590.9,28.5,broadleaf
1118,114,24073,5,3.775,555.2,28.5,needle
811,131,19403,5,3.933333333,555.2,28.5,needle
797,122,33518,7,9.683333333,166.2,28.5,needle
1080,77,22466,10,13.80833333,999.9,28.5,needle
1341,36,16148,12,15.48333333,98.2,28.5,needle
1049,30,15517,12,15.34166667,85.8,28.5,needle
1854,25,15445,12,17.475,107.5,28.5,needle
1241,52,19989,12,18.01666667,104,28.5,needle
1246,21,9171,11,14.29166667,93.2,28.5,needle
1081,102,21261,10,20.4,91.5,28.5,needle
1518,20,13241,12,17.85,109.2,28.5,needle
1107,20,8116,11,16.66666667,1096,28.5,needle
1374,80,32976,10,12.64166667,1455.1,28.5,needle
874,26,8500,12,16.38333333,1812.6,28.5,needle
1653,135,28043,12,16.99166667,1730.7,28.5,needle
621,42,4944,7,9.583333333,662.6,28.8,broadleaf
1115,58,9852,7,6.908333333,646.5,28.8,broadleaf
810,41,6554,7,6.85,639.6,28.8,broadleaf
629,35,6220,7,6.225,694.7,28.8,broadleaf
670,45,7630,12,16.73333333,1351.8,28.8,broadleaf
1639,40,18277,12,14.16666667,1131.5,28.8,broadleaf
459,51,6337,7,6.225,694.7,28.8,needle
445,41,5413,7,6.225,694.7,28.8,needle
429,90,9696,3,0.1,297.6,28.8,needle
912,41,11356,12,14.61666667,1098,28.8,needle
2490,14,16000,12,8.833333333,940.6,29.4,needle
1343,96,46333,7,7.908333333,209.3,29.75,needle
532,25,4646,7,4.658333333,205.6,30.95,broadleaf
751,30,5193,6,4.083333333,175.1,30.95,needle
1072,71,23735,7,4.658333333,205.6,30.95,needle
1165,177,36925,7,5.408333333,164.5,30.95,needle
622,97,21979,6,5.25,186.6,30.95,needle
657,37,5287,7,8.733333333,677.5,31.65,broadleaf
903,40,7107,7,8.3,649.5,31.65,broadleaf
897,76,8328,7,7.975,644.6,31.65,broadleaf
1124,71,10158,7,7.975,644.6,31.65,broadleaf
786,51,6850,7,7.975,644.6,31.65,broadleaf
945,47,8270,7,7,545.5,31.65,broadleaf
567,45,7209,7,8.966666667,665.7,31.65,needle
342,56,4975,7,8.433333333,663,31.65,needle
248,53,3406,7,9.6,609.6,31.65,needle
867,40,6462,7,9.066666667,608.1,31.65,needle
864,27,7273,7,11.6,696.8,31.65,needle
557,71,9166,7,7.841666667,623.8,31.65,needle
367,62,5642,7,7.35,622.6,31.65,needle
320,42,3957,7,6.125,674.2,31.65,needle
407,46,5242,7,6.125,674.2,31.65,needle
308,65,4863,7,6.125,674.2,31.65,needle
506,56,7381,7,6.158333333,663.5,31.65,needle
548,74,9361,7,6.158333333,663.5,31.65,needle
457,66,7383,5,4.908333333,632.1,31.65,needle
986,56,14856,5,4.908333333,614,31.65,needle
481,56,7007,7,7,545.5,31.65,needle
452,42,5580,5,3.816666667,589,31.65,needle
525,132,15067,5,4.158333333,191,32.2,needle
1537,39,6545,4,0.258333333,477.1,32.25,broadleaf
384,100,13229,4,2.391666667,567.8,32.25,needle
640,122,27681,7,7.183333333,179.6,32.65,needle
1343,50,25409,7,11.16666667,1728.5,50.35,broadleaf
686,95,15966,7,11.16666667,1728.5,50.35,broadleaf
438,22,3210,6,2.625,574.6,50.35,needle
629,37,7610,6,2.625,574.6,50.35,needle
675,45,9400,6,2.625,574.6,50.35,needle
713,54,11970,6,2.625,574.6,50.35,needle
834,38,10570,6,2.625,574.6,50.35,needle
435,42,4250,6,2.625,574.6,50.35,needle
639,43,9730,6,2.625,574.6,50.35,needle
339,37,3490,6,2.625,574.6,50.35,needle
707,39,8420,6,2.625,574.6,50.35,needle
547,45,5600,6,2.625,574.6,50.35,needle
702,68,16171,6,2.625,574.6,50.35,needle
690,125,16780,4,-1.241666667,593.2,50.35,needle
401,192,25335,7,11.16666667,1728.5,50.35,needle
585,170,31324,7,11.16666667,1728.5,50.35,needle
1007,270,34300,12,11,634.1,70.65,broadleaf
693,190,19420,8,7.766666667,614.4,70.65,broadleaf
3350,4,8100,12,16.38333333,1863.1,82.2,broadleaf
901,157,23920,5,-0.116666667,1037,82.2,broadleaf
