lake,longitude_utm,latitude_utm,state,source,state_lake_id,epa_lake_id,date,year,CHL_ugL,TN_ugL,TP_ugL,Area_km2,Z_mean_m,Watershed_km2,AgUrb.prop
Lacey Keosauqua Park Lake,337515.3573,1973360.273,IA,IADNR_ISU,50,IA050,8/4/04,2004,11.15,2714,22.14,8.35,3.561,2.984,low
Lake Geode,385680.9889,1987586.991,IA,IADNR_ISU,55,IA055,8/3/04,2004,10.63,1651,20.79,71.281,7.216,41.021,low
Alcona Dam Pond,962961.0591,2459748.812,MI,MI_STORET,1_4,MI1_4,8/25/80,1980,2.1,219,4,392.189,5,3990.403,low
Lake Ann,801077.7228,2457101.458,MI,MI_DNR_ST,10_111,MI10_111,,2004,1,252,4,202.485,9.7,110.5,low
Lower Herring Lake,774319.8105,2437134.003,MI,MI_DNR_ST,10_24,MI10_24,,2004,4.2,377,10,180.513,8.9,58.984,low
Platte Lake,782376.3564,2451889.137,MI,MI_STORET,10_39,MI10_39,8/12/82,1982,1.7,256,7.5,1024.431,8.23,462.643,low
Crystal Lake,776794.1677,2447932.307,MI,MI_DNR_ST,10_42,MI10_42,,2004,1,178,9,3993.021,17.5,72.214,low
Thumb Lake,880207.8293,2519348.867,MI,MI_STORET,15_3,MI15_3,8/20/80,1980,0.62,822,19,206.162,9.5,19.667,low
Hoffman Lake,879707.4803,2512340.895,MI,MI_STORET,15_6,MI15_6,9/1/81,1981,1,309,7,48.141,2.6,29.04,low
Burt Lake,883854.2063,2551642.89,MI,MI_STORET,16_193,MI16_193,8/16/81,1981,1,219,6,7038.434,7.5,759.558,low
Silver Lake,889359.3094,2528999.283,MI,MI_STORET,16_82,MI16_82,8/18/80,1980,0.1,366,8,27.354,11.3,0.999,low
Long Lake,894292.9493,2397726.284,MI,MI_STORET,18_296,MI18_296,9/16/81,1981,2,631,13,84.169,4.4,13.384,low
Fish Lake,722547.4783,2617206.41,MI,MI_STORET,2_27,MI2_27,8/27/75,1975,8.1,397,17,48.698,5,65.439,low
Au Train Lake,705326.9268,2635668.75,MI,MI_DNR_ST,2_361,MI2_361,,2002,6,520,20,341.297,3.62,286.111,low
Grand Sable Lake,763794.9422,2667737.847,MI,MI_DNR_ST,2_775,MI2_775,,2004,2.9,230,3.9,265.36,10.4,41.048,low
Section One Lake,896117.2377,2482762.069,MI,MI_DNR_ST,20_105,MI20_105,,2002,3,890,10,23.79,2.5,4.429,low
KP Lake,902294.6965,2476751.353,MI,MI_STORET,20_94,MI20_94,8/29/77,1977,3.6,413,8,44.211,3.5,15.806,low
Skeels Lake,724472.1702,2610157.23,MI,MI_STORET,21_468,MI21_468,8/27/75,1975,6,355,10,37.157,4.5,10.034,low
Hamilton Lake,638657.8599,2557145.017,MI,MI_STORET,22_15,MI22_15,8/29/79,1979,6.3,640,18,30.823,3.3,36.93,low
Sixmile Lake,626254.3274,2585970.067,MI,MI_STORET,22_188,MI22_188,8/29/79,1979,24,772,16,40.197,3,22.731,low
Silver Lake,616507.6788,2605305.69,MI,MI_DNR_ST,22_350,MI22_350,,2002,4,596,24,44.326,2.8,2.384,low
Edey Lake,613609.7291,2604569.496,MI,MI_STORET,22_368,MI22_368,8/23/77,1977,1.7,198,4,32.69,2.9,0.934,low
Carney Lake,625956.7544,2571883.874,MI,MI_STORET,22_65,MI22_65,8/26/75,1975,4.8,423,10,45.992,4,0.887,low
Pratt Lake,912601.1499,2392159.075,MI,MI_STORET,26_20,MI26_20,9/15/81,1981,1.2,691,8,76.1,3,1.471,low
Duck Lake,523986.8585,2596844.332,MI,MI_DNR_ST,27_108,MI27_108,,2003,9.2,411,19,248.942,4.1,17.747,low
Allen Lake,527555.2697,2600556.933,MI,MI_STORET,27_111,MI27_111,8/9/81,1981,1.7,416,9,31.485,4.5,6.852,low
Dinner Lake,530466.9439,2598309.661,MI,MI_DNR_ST,27_117,MI27_117,,2004,1.2,504,7,43.542,3.8,1.135,low
Taylor Lake,537203.3821,2603613.536,MI,MI_STORET,27_16,MI27_16,8/10/81,1981,9.4,480,9,44.545,5.1,10.516,low
Thousand Island Lake,509519.5501,2599732.511,MI,MI_STORET,27_265,MI27_265,8/14/80,1980,3.9,442,11,450.612,3.5,17.271,low
Cisco Lake,506466.9307,2599873.483,MI,MI_STORET,27_275,MI27_275,8/14/80,1980,35,639,40,230.791,2.4,106.4,low
Imp Lake,534854.0164,2600426.233,MI,MI_STORET,27_30,MI27_30,8/14/80,1980,1.9,289,6,36.57,9.6,1.657,low
Marion Lake,533462.6024,2605493.682,MI,MI_STORET,27_495,MI27_495,8/10/81,1981,3.7,407,9,120.384,3.7,6.968,low
Bass Lake,526505.9912,2609076.815,MI,MI_STORET,27_520,MI27_520,8/10/81,1981,2,559,18,80.281,2.6,6.936,low
Langford Lake,503382.8161,2603900.98,MI,MI_DNR_ST,27_696,MI27_696,,2004,5.9,588,43,194.624,2.1,9.108,low
Clearwater Lake,508742.7763,2602855.952,MI,MI_STORET,27_713,MI27_713,8/14/80,1980,5.4,391,13,71.529,2.1,1.791,low
Ormes Lake,490049.7369,2602974.078,MI,MI_STORET,27_854,MI27_854,8/13/80,1980,4.9,325,12,20.919,4.6,0.584,low
Eel Lake,481374.8197,2605518.014,MI,MI_STORET,27_914,MI27_914,8/9/81,1981,0.91,329,13,20.97,2.7,0.734,low
Chaney Lake,469620.7821,2607571.759,MI,MI_STORET,27_933,MI27_933,8/12/80,1980,10,718,24,200.831,2.2,11.676,low
Bobcat Lake,488104.8102,2612482.511,MI,MI_STORET,27_980,MI27_980,8/13/80,1980,8.9,747,18,36.05,2,3.275,low
Fife Lake,842764.5789,2444742.821,MI,MI_STORET,28_10,MI28_10,8/25/76,1976,2.3,291,6,241.682,4.5,31.313,low
Bass Lake,812268.1454,2454159.667,MI,MI_STORET,28_106,MI28_106,8/24/76,1976,4.5,592,8,138.516,2.7,2.228,low
Cedar Hedge Lake,806878.662,2452202.722,MI,MI_STORET,28_110,MI28_110,8/24/76,1976,2,491,34,77.44,5.8,1.565,low
Duck Lake,810589.7353,2445715.411,MI,MI_STORET,28_124,MI28_124,9/7/82,1982,1.1,254,3,786.534,7.3,81.846,low
Bass Lake,805688.1919,2445116.244,MI,MI_STORET,28_137,MI28_137,8/24/76,1976,5.7,652,12,37.426,1.9,0.89,low
Cedar Lake,804868.3721,2460020.513,MI,MI_STORET,28_201,MI28_201,8/27/80,1980,3.6,328,3,20.632,7.5,4.861,low
Long Lake,808725.0108,2455429.466,MI,MI_STORET,28_214,MI28_214,8/20/75,1975,2.1,112,12,1176.552,7.9,44.042,low
Green Lake,807777.9238,2445150.482,MI,MI_STORET,28_56,MI28_56,9/7/82,1982,0.65,221,5,807.813,11.4,135.781,low
Spider Lake,829745.0077,2455377.615,MI,MI_STORET,28_81,MI28_81,8/25/76,1976,2.2,452,4,179.958,2.8,3.704,low
Brown Bridge Pond,829529.9864,2452601.801,MI,MI_STORET,28_95,MI28_95,8/28/80,1980,5.1,226,8,68.909,3.4,388.887,low
Bob Lake,544013.7034,2650951.087,MI,MI_DNR_ST,31_585,MI31_585,,2004,4,512,8,52.587,2.3,12.813,low
Pike Lake,547635.2624,2669472.105,MI,MI_STORET,31_760,MI31_760,8/25/75,1975,3.5,484,19,33.437,3.3,3.29,low
Otter Lake,567732.0958,2680280.234,MI,MI_STORET,31_825,MI31_825,8/25/75,1975,24.79,427,31,363.799,4.8,1814.632,low
Roland Lake,546555.5786,2675776.457,MI,MI_STORET,31_915,MI31_915,8/25/75,1975,4.5,660,13,104.614,4.1,26.356,low
Emily Lake,546739.3806,2672685.263,MI,MI_STORET,31_973,MI31_973,8/30/78,1978,4.5,300,6,23.972,7.4,1.665,low
Foote Dam Pond,988921.2251,2450463.606,MI,MI_STORET,35_205,MI35_205,8/26/80,1980,0.94,208,6,687.18,5.8,4354.792,low
Sand Lake,977013.6717,2433894.526,MI,MI_DNR_ST,35_9,MI35_9,,2003,4.6,1590,23,99.325,2.3,20.579,low
Loon Lake,964713.5311,2442054.769,MI,MI_STORET,35_95,MI35_95,8/18/75,1975,1.2,485,25,167.572,10.5,13.104,low
Indian Lake,581242.7735,2584563.607,MI,MI_DNR_ST,36_138,MI36_138,,2004,2.4,459,13,79.617,4.6,2.544,low
Cable Lake,570985.5791,2618092.545,MI,MI_DNR_ST,36_1480,MI36_1480,,2004,1,464,48,134.079,3.2,28.417,low
Buck Lake,587763.1055,2583965.212,MI,MI_STORET,36_150,MI36_150,8/14/80,1980,13,448,14,60.856,3.4,23.452,low
Lake Sainte Kathryn,560501.3106,2620750.172,MI,MI_STORET,36_1501,MI36_1501,8/10/81,1981,3.4,737,15,66.971,3.1,1.347,low
Webb Lake,561084.5933,2617728.053,MI,MI_STORET,36_1536,MI36_1536,8/10/81,1981,19,316,7,26.047,4,0.87,low
Stager Lake,594375.3191,2579111.478,MI,MI_STORET,36_17,MI36_17,8/14/80,1980,7.3,275,9,44.308,5.8,12.103,low
Stanley Lake,564640.7276,2585121.361,MI,MI_STORET,36_173,MI36_173,8/12/81,1981,2.3,460,22,128.677,3.3,4.455,low
Camp Lake,563494.1859,2583202.761,MI,MI_STORET,36_174,MI36_174,8/12/81,1981,2.8,389,11,39.665,5.5,3.3,low
Winslow Lake,557951.1187,2616337.625,MI,MI_STORET,36_1760,MI36_1760,8/10/81,1981,3.8,464,16,104.594,2.8,19.094,low
Tepee Lake,548789.2648,2620158.145,MI,MI_DNR_ST,36_1936,MI36_1936,,2003,11,512,12,49.61,2.5,2.616,low
Bass Lake,559834.1286,2583168.134,MI,MI_STORET,36_194,MI36_194,8/11/81,1981,9.4,995,24,40.746,2.1,7.098,low
Runkle Lake,595851.0078,2592271.731,MI,MI_STORET,36_289,MI36_289,8/14/80,1980,12,486,15,35.12,3.9,4.231,low
Swan Lake,587821.7272,2598403.158,MI,MI_STORET,36_307,MI36_307,8/9/81,1981,4.3,466,17,64.559,4.4,9.632,low
Long Lake,583879.3832,2593342.151,MI,MI_STORET,36_331,MI36_331,8/23/77,1977,1.8,244,1,24.207,9.6,0.207,low
Mary Lake,602265.2051,2587835.501,MI,MI_STORET,36_34,MI36_34,8/29/78,1978,4.5,428,11,106.354,6.3,5.542,low
First Fortune Lake,585620.071,2588153.755,MI,MI_STORET,36_352,MI36_352,8/12/81,1981,1.8,291,11,170.744,6.2,20.42,low
Lake Ottawa,560185.0092,2587526.754,MI,MI_DNR_ST,36_417,MI36_417,,2003,1,367,38,214.415,11.3,8.408,low
Little Smoky Lake,547343.986,2586465.418,MI,MI_STORET,36_466,MI36_466,8/11/81,1981,4,420,16,34.912,3.1,2.894,low
Ellen Lake,606679.6399,2601243.339,MI,MI_STORET,36_553,MI36_553,8/23/77,1977,1.9,374,4,56.604,6.9,1.574,low
Fire Lake,581931.5798,2601107.254,MI,MI_STORET,36_686,MI36_686,8/23/77,1977,4,368,13,50.689,3.3,5.211,low
Tamarack Lake,540999.0193,2603233.755,MI,MI_STORET,36_768,MI36_768,8/10/81,1981,9.4,701,24,134.136,3.48,72.658,low
James Lake,548003.2566,2599624.242,MI,MI_STORET,36_771,MI36_771,8/11/81,1981,1.1,151,8,83.244,1.6,2.465,low
Golden Lake,549804.7376,2596832.715,MI,MI_DNR_ST,36_777,MI36_777,,2004,1.2,271,8,110.048,8,2.84,low
Deer Lake,591686.4852,2616433.078,MI,MI_STORET,36_849,MI36_849,8/9/81,1981,6.5,292,10,31.739,4.5,11.497,low
Long Lake,979674.4137,2532652.406,MI,MI_DNR_ST,4_42,MI4_42,,2004,1.4,462,3.9,2164.014,3.2,104.393,low
Bear Lake,872221.1078,2466259.685,MI,MI_DNR_ST,40_104,MI40_104,,2004,1.5,381,32,126.612,8.5,6.934,low
Cub Lake,871535.4681,2465112.153,MI,MI_STORET,40_106,MI40_106,8/25/80,1980,1.6,359,7,23.21,2.9,0.29,low
Manistee Lake,865286.3025,2470157.974,MI,MI_DNR_ST,40_117,MI40_117,,2004,2.8,591,17,353.306,2.2,37.712,low
Pickerel Lake,868616.9502,2473991.465,MI,MI_STORET,40_295,MI40_295,8/31/81,1981,2,359,8,37.823,7.8,6.213,low
East Lake,856723.8651,2454284.538,MI,MI_DNR_ST,40_61,MI40_61,,2004,1.7,709,13,37.839,2,6.547,low
Thayer Lake,587963.1777,2723593.673,MI,MI_STORET,42_18,MI42_18,8/10/80,1980,14,582,11,51.571,1,19.26,low
Lake Gratiot,597615.7352,2731740.656,MI,MI_STORET,42_36,MI42_36,8/25/75,1975,1.9,92,7,588.071,8.1,22.779,low
Medora Lake,607963.7822,2742134.717,MI,MI_DNR_ST,42_86,MI42_86,,2004,4,307,3.9,278.844,4.4,9.631,low
Wolf Lake,809544.469,2378217.46,MI,MI_STORET,43_183,MI43_183,8/21/75,1975,1,88,10,164.908,1.8,26.398,low
Bass Lake,798429.1253,2384982.39,MI,MI_STORET,43_199,MI43_199,8/25/81,1981,1.7,516,16,119.328,3.1,10.578,low
Harper Lake,798273.0278,2391145.049,MI,MI_STORET,43_254,MI43_254,8/25/81,1981,1.1,374,6,33.533,5.5,1.805,low
Little Traverse Lake,799138.4034,2479731.078,MI,MI_STORET,45_49,MI45_49,8/26/80,1980,1.8,336,3,261.217,5.3,49.455,low
Lime Lake,799717.6217,2476683.9,MI,MI_STORET,45_51,MI45_51,8/26/80,1980,0.83,344,3,267.794,5,33.189,low
Glen Lake,788590.1657,2472842.54,MI,MI_STORET,45_9,MI45_9,8/27/80,1980,0.84,196,4,2544.556,21.8,69.038,low
Muskallonge Lake,794580.6166,2674361.629,MI,MI_DNR_ST,48_566,MI48_566,,2004,2.7,544,8,319.025,2.9,31.706,low
Perch Lake,797767.4856,2670588.798,MI,MI_STORET,48_573,MI48_573,8/28/78,1978,6.8,408,9,37.674,5.6,2.709,low
Culhane Lake,815593.7464,2679581.462,MI,MI_DNR_ST,48_685,MI48_685,,2002,4,414,8,42.393,4.5,32.458,low
Lake of the Woods,851069.3305,2484121.425,MI,MI_STORET,5_27,MI5_27,8/17/81,1981,2.8,616,13,69.659,1.5,19.858,low
Torch Lake,839688.7831,2487152.183,MI,MI_DNR_ST,5_51,MI5_51,,2004,1,113,6,7575.072,42.5,616.264,low
Sixmile Lake,846645.1655,2507630.38,MI,MI_STORET,5_89,MI5_89,8/17/81,1981,2.8,446,17,149.671,4,91.272,low
Wilson Lake,843079.998,2507183.648,MI,MI_STORET,5_93,MI5_93,9/11/78,1978,6.6,66,12,36.14,3.5,153.764,low
Hodenpyl Dam Pond,811131.4381,2420187.437,MI,MI_STORET,51_126,MI51_126,8/26/81,1981,4,232,10,751.234,7,2455.062,low
Pine Lake,795055.5071,2397758.029,MI,MI_STORET,51_25,MI51_25,8/25/81,1981,1.7,523,6,67.32,6.2,2.002,low
Sporley Lake,667439.9462,2624380.193,MI,MI_STORET,52_139,MI52_139,8/11/80,1980,1.6,475,13,31.088,6.4,1.924,low
Arfelin Lake,609366.2226,2652069.774,MI,MI_STORET,52_1585,MI52_1585,8/13/80,1980,2.3,393,4,22.718,5.1,1.187,low
Lake Keewaydin,605319.2929,2648628.832,MI,MI_STORET,52_1606,MI52_1606,8/25/75,1975,6.1,279,11,53.316,2.9,2.025,low
Greenwood Reservoir,628722.3088,2633132.239,MI,MI_STORET,52_1807,MI52_1807,8/12/80,1980,2.1,648,11,433.463,3.7,166.958,low
Little Shag Lake,656274.6684,2614893.832,MI,MI_STORET,52_259,MI52_259,8/11/80,1980,1.5,335,1,43.137,5.5,2.655,low
Shag Lake,655300.7027,2615129.065,MI,MI_STORET,52_291,MI52_291,8/11/80,1980,3.4,353,9,78.871,4.6,2.645,low
Pike Lake,650194.7183,2615328.989,MI,MI_STORET,52_297,MI52_297,8/29/78,1978,5.6,403,9,36.457,3.7,12.867,low
Bass Lake,648789.0802,2614777.662,MI,MI_STORET,52_305,MI52_305,8/8/81,1981,10,324,8,30.757,9.9,0.214,low
Squaw Lake,611954.3289,2615816.029,MI,MI_STORET,52_623,MI52_623,8/26/75,1975,1.5,111,1,99.996,8.2,2.807,low
Horseshoe Lake,613744.9474,2613736.709,MI,MI_STORET,52_661,MI52_661,8/13/80,1980,10,530,14,52.429,2.6,9.505,low
Witch Lake,616659.2717,2613685.706,MI,MI_STORET,52_666,MI52_666,8/26/75,1975,3.5,224,8,83.186,7.3,10.486,low
Ford Lake,787342.524,2380159.414,MI,MI_STORET,53_135,MI53_135,9/13/88,1988,7,352,7,73.575,10.8,2.696,low
Hamlin Lake,762724.1029,2381090.078,MI,MI_STORET,53_155,MI53_155,8/26/81,1981,3.7,413,19,1880.491,4.5,437.817,low
Pretty Lake,862228.3327,2349306.095,MI,MI_STORET,54_118,MI54_118,8/24/81,1981,3.9,571,15,47.255,3.4,1.888,low
Hillsview Lake,850934.0905,2350015.058,MI,MI_STORET,54_151,MI54_151,8/25/76,1976,7.4,891,25,39.906,3.5,20.127,low
Goose Lake,853143.022,2422309.707,MI,MI_STORET,57_102,MI57_102,8/18/81,1981,4,906,22,39.436,1.2,17.718,low
Long Lake,852139.5157,2421805.468,MI,MI_STORET,57_104,MI57_104,8/18/81,1981,5.8,714,22,26.871,1.9,15.828,low
Avalon Lake,944422.9537,2517187.785,MI,MI_STORET,60_162,MI60_162,9/14/78,1978,0.9,273,2,156.24,10.6,2.416,low
Long Lake,942565.5906,2519860.79,MI,MI_STORET,60_166,MI60_166,9/14/78,1978,1,307,2,113.102,6.8,3.964,low
Ess Lake,942199.0991,2517929.644,MI,MI_DNR_ST,60_167,MI60_167,,2003,1.2,564,5,47.958,5.1,1.577,low
East Twin Lake,919975.5472,2487746.865,MI,MI_DNR_ST,60_21,MI60_21,,2002,4,808,18,332.025,2,12.112,low
Rush Lake,933560.5233,2517764.048,MI,MI_STORET,60_223,MI60_223,8/18/80,1980,0.66,444,13,172.041,2.2,37.746,low
Avery Lake,928547.1697,2495821.211,MI,MI_STORET,60_29,MI60_29,9/13/78,1978,1.1,232,5,117.614,8.9,28.736,low
Gaylanta Lake,919030.7853,2499492.488,MI,MI_DNR_ST,60_71,MI60_71,,2003,5.5,956,21,45.273,3.5,1.196,low
McCormick Lake,923604.8824,2498286.831,MI,MI_DNR_ST,60_74,MI60_74,,2004,1.1,199,4,40.764,12.8,48.678,low
Big Blue Lake,787403.8306,2314105.441,MI,MI_STORET,61_144,MI61_144,9/1/81,1981,2.2,391,13,135.758,3.8,8.339,low
Nichols Lake,808448.3084,2346352.438,MI,MI_DNR_ST,62_358,MI62_358,,2003,3.2,503,6,62.404,4.9,1.61,low
School Section Lake,792314.7079,2350929.47,MI,MI_STORET,64_203,MI64_203,9/10/80,1980,3.6,642,8,75.776,3.4,2.318,low
Clear Lake,928319.015,2436846.728,MI,MI_STORET,65_104,MI65_104,9/5/78,1978,3.9,411,8,82.671,3.5,0.879,low
County Line Lake,518665.1301,2612181.033,MI,MI_STORET,66_222,MI66_222,8/11/80,1980,2,326,8,28.278,5.4,0.963,low
Sunrise Lake,850787.5958,2385505.209,MI,MI_STORET,67_226,MI67_226,8/24/81,1981,0.89,410,10,31.136,7.5,4.475,low
Big Bear Lake,913179.4804,2494804.604,MI,MI_DNR_ST,69_1,MI69_1,,2002,4,315,9,139.021,4.7,3.053,low
Dixon Lake,892916.8141,2498581.771,MI,MI_DNR_ST,69_185,MI69_185,,2002,3,309,8,31.64,4.1,6.653,low
Big Bass Lake,903689.3796,2492577.557,MI,MI_STORET,69_39,MI69_39,9/1/81,1981,2,685,9,26.034,3.5,4.014,low
Emerald Lake,895945.9618,2492804.082,MI,MI_STORET,69_46,MI69_46,9/1/81,1981,3.1,353,7,20.292,3,55.696,low
Prickett Dam,560644.2129,2655808.07,MI,MI_STORET,7_843,MI7_843,8/9/80,1980,6.5,604,30,310.333,5.67,877.986,low
Lost Lake,940975.7511,2538005.636,MI,MI_STORET,71_115,MI71_115,8/19/80,1980,2.8,812,11,41.454,1.5,4.577,low
Lake Emma,939860.0014,2533317.367,MI,MI_STORET,71_52,MI71_52,8/16/81,1981,1.7,453,11,80.35,1,39.507,low
Higgins Lake,893031.1535,2441554.155,MI,MI_STORET,72_117,MI72_117,8/29/77,1977,0.6,209,14,4123.667,16.1,75.061,low
Gemini Lakes,745135.4036,2649143.743,MI,MI_STORET,75_1048,MI75_1048,8/18/81,1981,3.1,372,14,50.843,2.7,2.265,low
Dodge Lake,752194.1751,2607905.256,MI,MI_DNR_ST,75_297,MI75_297,,2004,1,440,15,34.45,6.6,3.598,low
Island Lake,751308.1097,2608215.656,MI,MI_STORET,75_298,MI75_298,8/22/77,1977,3.6,304,3,41.913,5.2,2.051,low
Colwell Lake,737647.1764,2618821.686,MI,MI_STORET,75_423,MI75_423,8/17/81,1981,1.8,435,11,51.953,4.6,0.443,low
Petes Lake,725494.3107,2617929.716,MI,MI_STORET,75_474,MI75_474,8/17/81,1981,1.2,318,14,78.064,4.1,1.983,low
Boot Lake,736757.9179,2623728.475,MI,MI_DNR_ST,75_742,MI75_742,,2004,1.3,518,4,42.969,3.6,0.738,low
Snyder Lake,772612.2676,2651718.584,MI,MI_STORET,75_917,MI75_917,8/18/81,1981,1.7,255,11,24.472,1.9,9.422,low
Mill Lake,972645.8142,2208649.157,MI,MI_STORET,81_144,MI81_144,9/24/80,1980,4.2,763,9,53.032,1.7,8.872,low
Cedar Lake,973603.0812,2207202.07,MI,MI_STORET,81_157,MI81_157,9/23/80,1980,0.99,926,14,29.708,3.1,1.042,low
SAWYER LAKE,567464.2864,2494592.628,WI,WIDNRbaseline,198100,WI198100,8/18/04,2004,2.97,720,17,72.803,3.048,2.588,low
CRANE LAKE,555646.5746,2512387.712,WI,WIDNRbaseline,388500,WI388500,8/25/04,2004,54.4,740,52,143.754,3.658,10.352,low
PAYA LAKE,588807.9201,2499733.782,WI,WIDNRbaseline,425600,WI425600,7/15/04,2004,0.87,230,8,42.491,6.096,2.588,low
CHUTE POND,592530.0122,2483378.037,WI,WIDNRbaseline,462520,WI462520,9/13/02,2002,15.4,490,36,175.258,2.134,512.44,low
HORN LAKE,576669.8605,2504261.19,WI,WIDNRbaseline,467100,WI467100,8/26/03,2003,4.22,430,12,53.17,1.829,2.588,low
MUNGER LAKE,587605.3536,2505182.912,WI,WIDNROther,470900,WI470900,7/16/03,2003,2.65,730,33,36.08,1.524,5.176,low
ROSE LAKE,570756.529,2493360.157,WI,WIDNRbaseline,494200,WI494200,8/18/04,2004,2.65,440,16,46.466,2.438,2.588,low
HILBERT LAKE,590271.3969,2548046.906,WI,WIDNRbaseline,501200,WI501200,8/28/03,2003,2.99,600,10,112.581,2.743,15.528,low
GRAND RAPIDS FLOWAGE       WI-MI,651726.516,2515823.048,WI,WIDNRbaseline,610700,WI610700,9/2/03,2003,5.99,290,33,124.199,1.829,9736.363,low
SEA LION LAKE,596016.598,2567256.945,WI,WIDNRbaseline,672300,WI672300,8/16/04,2004,1.33,570,10,46.256,4.877,7.764,low
FRANKLIN LAKE,542711.6507,2568895.112,WI,WIDNRbaseline,692900,WI692900,8/24/04,2004,2.08,340,10,339.692,5.791,155.285,low
JACK LAKE,540333.3553,2502028.731,WI,WIDNRbaseline,992400,WI992400,8/26/04,2004,2.08,260,12,34.525,5.486,2.588,low
LITTLE SPIDER LAKE,487738.6952,2569804.481,WI,WIDNRbaseline,1540400,WI1540400,8/23/04,2004,12.4,820,30,90.107,3.962,2.588,low
BLUEBERRY LAKE,368939.7434,2552835.035,WI,WIDNRbaseline,1835700,WI1835700,8/31/04,2004,5.51,300,13,118.169,5.182,2.588,low
WINDIGO LAKE,351236.5818,2557351.327,WI,WIDNRbaseline,2046600,WI2046600,8/31/04,2004,5.46,500,14,203.627,4.267,5.176,low
CHEQUAMEGON WATERS FLOWAGE,415996.4182,2479494.945,WI,WIDNROther,2160700,WI2160700,7/23/02,2002,54.1,1390,98,690.409,1.524,349.391,low
MONDEAUX FLOWAGE,436118.898,2491172.706,WI,WIDNRbaseline,2193300,WI2193300,9/14/04,2004,31,1080,86,166.437,1.524,72.466,low
MUSSER LAKE,446491.561,2540439.859,WI,WIDNRbaseline,2245100,WI2245100,9/14/04,2004,13.8,700,36,203.742,1.524,207.047,low
BLOCKHOUSE LAKE,439300.7034,2565189.849,WI,WIDNRbaseline,2256800,WI2256800,9/14/04,2004,8.24,740,20,95.455,1.524,5.176,low
CEDAR LAKE,467294.0873,2594720.077,WI,WIDNRbaseline,2309700,WI2309700,9/13/04,2004,12.2,860,49,75.52,3.353,64.702,low
UPPER GRESHAM LAKE,484957.1398,2580366.739,WI,WIDNRbaseline,2330800,WI2330800,7/17/02,2002,0.59,310,13,146.55,3.962,7.764,low
MCCANN LAKE,359795.3406,2488398.001,WI,WIDNRbaseline,2350400,WI2350400,9/7/04,2004,13.7,800,22,51.047,4.267,36.233,low
CLEAR LAKE,359056.1885,2487529.269,WI,WIDNRbaseline,2350600,WI2350600,9/7/04,2004,5.04,510,15,38.035,8.839,2.588,low
AUDIE LAKE,356401.9287,2515102.031,WI,WIDNRbaseline,2368700,WI2368700,9/1/04,2004,8.3,550,23,44.386,1.829,2.588,low
BARBER LAKE,390825.6921,2554609.058,WI,WIDNRbaseline,2382300,WI2382300,9/6/04,2004,20.4,550,25,55.798,2.743,15.528,low
BLACK LAKE,393010.943,2566023.414,WI,WIDNRbaseline,2401300,WI2401300,9/6/04,2004,8.49,810,30,53.913,2.438,25.881,low
AUGUSTINE LAKE,428306.0295,2589231.451,WI,WIDNRbaseline,2410400,WI2410400,9/13/04,2004,7.84,790,26,69.252,2.134,5.176,low
TEAL LAKE,378990.5409,2574905.014,WI,WIDNRbaseline,2417000,WI2417000,9/6/04,2004,18.1,680,23,414.553,4.572,75.054,low
UPPER CLAM LAKE,393999.1968,2584364.225,WI,WIDNRbaseline,2429600,WI2429600,8/27/02,2002,12.1,600,30,67.957,3.353,33.645,low
SPIDER LAKE,370046.9379,2576253.957,WI,WIDNRbaseline,2435700,WI2435700,8/28/02,2002,4.42,450,18,483.325,4.267,18.117,low
NORTH LAKE,370345.1088,2579514.833,WI,WIDNRbaseline,2436000,WI2436000,8/28/02,2002,4.05,390,27,53.483,4.267,2.588,low
LILY LAKE,302633.3525,2561246.299,WI,WIDNRbaseline,2475300,WI2475300,8/16/04,2004,5.44,780,14,76.284,1.524,2.588,low
NICABOYNE LAKE,304195.8656,2561192.326,WI,WIDNRbaseline,2486100,WI2486100,8/16/04,2004,4.47,731,12,117.138,3.658,5.176,low
MINERAL LAKE,399182.0378,2600294.845,WI,WIDNRbaseline,2916900,WI2916900,9/8/04,2004,3.88,800,38,91.887,3.658,90.583,low
GALILEE LAKE,417355.3717,2600377.637,WI,WIDNRbaseline,2935500,WI2935500,9/8/04,2004,9.67,680,19,85.611,3.353,7.764,low
Casey Lake (aka Hickory Hills Lake),301931.5571,2146474.008,IA,IADNR_ISU,18,IA018,8/11/04,2004,15.07,1285,187.94,14.938,3.25,3.001,low
Coralville Reservoir,364312.2954,2094264.795,IA,IADNR_ISU,23,IA023,8/11/04,2004,16.99,4987,228.06,1240.884,2.809,7987.523,low
Hooper Area Pond,200450.754,2032364.528,IA,IADNR_ISU,46,IA046,8/4/04,2004,49.92,2918,111,16.066,2.595,5.572,low
Lake Ahquabi,200178.7454,2033674.472,IA,IADNR_ISU,51,IA051,8/4/04,2004,24.8,3167,88.42,47.31,2.989,6.996,low
Lake Darling,341459.3487,2028296.459,IA,IADNR_ISU,54,IA054,8/3/04,2004,245.6,2686,204.69,100.142,2.709,50.387,low
Lake Miami,262702.5955,2015224.609,IA,IADNR_ISU,63,IA063,8/4/04,2004,93.47,3849,298.72,51.974,2.971,15.665,low
Lake Wapello,285781.8864,1983087.808,IA,IADNR_ISU,71,IA071,8/4/04,2004,4.11,2414,33.07,114.375,3.943,19.28,low
Nine Eagles Lake,187208.2635,1956356.027,IA,IADNR_ISU,89,IA089,8/5/04,2004,3.2,501,18.26,24.526,4.072,4.246,low
Springbrook Lake,126530.2048,2086942.035,IA,IADNR_ISU,112,IA112,7/28/04,2004,45.6,2474,55.86,5.39,2.503,6.578,low
Volga Lake,342988.0502,2219137.534,IA,IADNR_ISU,124,IA124,8/10/04,2004,48,4316,64.03,53.584,3.228,24.094,low
Belas Lake,831681.6618,2148356.295,MI,MI_STORET,14_154,MI14_154,9/23/81,1981,1.7,1108,24,20.919,1.5,6.986,low
Walloon Lake,860725.8191,2525815.032,MI,MI_STORET,15_25,MI15_25,8/21/80,1980,0.88,355,6,1852.68,10.5,85.546,low
Lake George,883127.087,2380678.779,MI,MI_STORET,18_125,MI18_125,8/23/76,1976,5.3,642,9,52.359,2.8,9.226,low
Windover Lake,877638.5382,2380412.502,MI,MI_STORET,18_160,MI18_160,9/14/81,1981,3.4,507,10,27.567,4.5,1.91,low
Cranberry Lake,896766.5798,2393721.957,MI,MI_STORET,18_196,MI18_196,9/16/81,1981,3.1,743,18,65.898,2.4,3.408,low
Crooked Lake,877346.954,2368080.605,MI,MI_STORET,18_69,MI18_69,9/5/78,1978,3,653,19,116.227,4.9,13.77,low
Antoine Lake,618762.834,2564003.104,MI,MI_STORET,22_95,MI22_95,8/14/80,1980,3.9,483,11,300.261,3.6,7.177,low
Osterhout Lake,812841.8238,2202249.414,MI,MI_STORET,3_71,MI3_71,9/29/80,1980,4.2,665,20,69.551,1.7,2.713,low
Torch Lake,576106.1639,2708146.841,MI,MI_STORET,31_1178,MI31_1178,9/13/79,1979,0.5,562,53,971.341,17,195.446,low
Sunset Lake,573231.5579,2593936.103,MI,MI_STORET,36_355,MI36_355,8/12/81,1981,3.7,442,10,214.934,5,26.913,low
Iron Lake,568067.0624,2594937.518,MI,MI_STORET,36_384,MI36_384,8/11/81,1981,3.1,677,20,158.022,3,6.863,low
Gibson Lake,583984.4012,2602276.435,MI,MI_STORET,36_690,MI36_690,8/9/81,1981,2.6,547,17,36.911,2.7,1.65,low
Crispell Lake,946911.2409,2181235.891,MI,MI_STORET,38_559,MI38_559,9/17/81,1981,1.4,889,18,34.832,2.4,3.5,low
Sherman Lake,866562.6978,2198416.751,MI,MI_STORET,39_62,MI39_62,9/21/78,1978,4.7,476,9,59.707,4.1,1.9,low
Idlewild Lake,816421.7024,2365902.687,MI,MI_STORET,43_37,MI43_37,8/26/81,1981,1.5,367,11,42.057,2.7,1.419,low
Lake Minnawanna,1023796.734,2284360.927,MI,MI_DNR_ST,44_25,MI44_25,,2002,6,876,27,23.855,2.3,17.058,low
Lake Hudson,965255.8106,2151132.171,MI,MI_STORET,46_221,MI46_221,9/7/78,1978,14,1614,62,190.925,4,24.643,low
Sand Lake,972732.635,2176854.094,MI,MI_STORET,46_80,MI46_80,9/14/81,1981,0.57,700,13,220.682,3.4,2.623,low
Ellsworth Lake,843170.091,2509370.859,MI,MI_STORET,5_110,MI5_110,9/11/78,1978,8.3,487,16,43.024,5.2,146.274,low
Intermediate Lake,845883.5391,2496684.195,MI,MI_STORET,5_75,MI5_75,8/17/81,1981,1.6,403,8,635.799,2.6,288.5,low
Round Lake,788535.7077,2376236.484,MI,MI_STORET,53_143,MI53_143,9/10/80,1980,5.1,1111,18,218.422,1.4,5.902,low
Bergess Lake,848325.4246,2351504.144,MI,MI_STORET,54_152,MI54_152,8/24/81,1981,5.1,556,13,24.309,4.6,41.047,low
School Section Lake,860401.8068,2337919.46,MI,MI_STORET,54_57,MI54_57,8/24/81,1981,0.5,523,11,49.348,3.1,0.876,low
Hardy Dam Pond,836105.6082,2325666.563,MI,MI_STORET,54_80,MI54_80,8/25/81,1981,1.2,383,14,1273.864,9.4,4880.389,low
Little Whitefish Lake,842507.8545,2308965.508,MI,MI_STORET,59_369,MI59_369,9/15/77,1977,6.1,436,6,72.408,5.5,53.837,low
Baldwin Lake,866023.373,2289873.672,MI,MI_DNR_ST,59_99,MI59_99,,2004,3.1,556,11,24.951,1.8,3.804,low
Robinson Lake,814770.6156,2325654.506,MI,MI_DNR_ST,62_188,MI62_188,,2004,8,572,24,53.862,5.5,34.993,low
Diamond Lake,816923.3119,2333881.735,MI,MI_STORET,62_269,MI62_269,8/21/75,1975,9.8,593,8,75.859,2.7,7.474,low
Sand Lake,812832.9756,2302363.961,MI,MI_DNR_ST,62_34,MI62_34,,2004,1.6,619,12,24.35,1.8,0.967,low
Croton Dam Pond,832069.4232,2317659.653,MI,MI_DNR_ST,62_61,MI62_61,,2004,3.2,350,14,501.937,2.7,5911.921,low
Bills Lake,831934.0179,2311591.779,MI,MI_STORET,62_75,MI62_75,8/26/81,1981,0.89,345,6,81.022,5.7,3.514,low
Pickerel Lake,819287.6114,2317798.114,MI,MI_STORET,62_84,MI62_84,8/31/81,1981,5.4,748,16,124.045,7.8,5.15,low
Heron Lake,1011484.957,2267775.861,MI,MI_STORET,63_1433,MI63_1433,9/8/81,1981,1.4,775,24,48.446,2.5,12.148,low
Valley Wildwood Lake,1012170.354,2267135.476,MI,MI_STORET,63_1436,MI63_1436,9/8/81,1981,1.1,665,18,37.048,2.48,11.039,low
Crystal Lake,771356.0358,2334766.389,MI,MI_STORET,64_178,MI64_178,9/8/80,1980,7,566,24,28.848,4.1,2.458,low
Todd Lake,841586.809,2375438.933,MI,MI_STORET,67_194,MI67_194,8/26/81,1981,5.4,586,19,33.074,6.5,12.796,low
Hicks Lake,854300.8994,2385049.856,MI,MI_STORET,67_231,MI67_231,8/23/76,1976,29,1044,20,64.561,3.1,15.034,low
Rose Lake,845759.4052,2388790.751,MI,MI_DNR_ST,67_242,MI67_242,,2002,10,555,20,150.82,4.7,19.387,low
Diamond Lake,837287.7192,2390510.984,MI,MI_STORET,67_399,MI67_399,8/25/81,1981,1.2,644,15,24.065,5.1,1.473,low
Corey Lake,842809.2501,2148448.896,MI,MI_STORET,78_104,MI78_104,9/22/81,1981,2.6,592,13,241.484,8.19,3.765,low
Clear Lake,843739.553,2150497.304,MI,MI_STORET,78_93,MI78_93,9/22/81,1981,2.8,668,19,94.279,3.6,1.921,low
Saddle Lake,812664.7012,2196202.428,MI,MI_STORET,80_68,MI80_68,9/9/81,1981,1.1,627,16,114.229,2.5,4.966,low
Crooked Lake,970698.6291,2207508.472,MI,MI_DNR_ST,81_147,MI81_147,,2002,2,768,9,45.518,1.7,2.519,low
Green Lake,973574.6641,2213280.625,MI,MI_DNR_ST,81_46,MI81_46,,2002,2,698,18,35.918,1,2.547,low
Sugarloaf Lake,970458.3522,2209950.824,MI,MI_STORET,81_62,MI81_62,9/23/80,1980,4.2,877,12,71.699,1,13.531,low
Berry Lake,846183.7907,2406780.591,MI,MI_STORET,83_8,MI83_8,8/18/81,1981,6.5,681,30,27.594,3.1,18.67,low
MOOSE LAKE,546096.9035,2474161.694,WI,WIDNRbaseline,337600,WI337600,7/16/02,2002,4.01,1196,40,45.777,2.743,10.352,low
MCGEE LAKE,558617.7401,2482423.424,WI,WIDNRbaseline,353200,WI353200,8/26/04,2004,3.6,349,14,8.261,4.267,2.588,low
GILAS LAKE,614164.6106,2489088.674,WI,WIDNRbaseline,523300,WI523300,9/5/02,2002,3.59,660,11,54.552,7.01,2.588,low
COSGROVE LAKE,608058.9272,2570195.159,WI,WIDNRbaseline,585100,WI585100,8/16/04,2004,1.75,710,11,30.902,1.829,2.588,low
MAPLE LAKE,531468.5433,2554148.821,WI,WIDNRbaseline,1609900,WI1609900,8/17/04,2004,2.47,580,16,53.15,2.438,2.588,low
PIKE LAKE,386896.1171,2464427.082,WI,WIDNRbaseline,2157900,WI2157900,7/15/04,2004,16.2,810,25,76.454,3.658,5.176,low
Thornapple Flowage,375757.4285,2501960.296,WI,WIDNRbaseline,2227500,WI2227500,9/1/04,2004,6.52,573,25,85.253,2.743,4692.192,low
DAIRYLAND RESERVOIR,390366.0261,2514785.459,WI,WIDNRbaseline,2229200,WI2229200,9/1/04,2004,11,750,37,756.982,7.315,4604.197,low
ISLAND LAKE,361459.039,2489826.277,WI,WIDNRbaseline,2350200,WI2350200,9/7/04,2004,14.2,660,21,219.603,6.706,41.409,low
CHAIN LAKE,358182.9643,2487504.136,WI,WIDNRbaseline,2350500,WI2350500,9/7/04,2004,21.9,760,27,183.776,5.486,33.655,low
Arbor Lake,269851.0611,2085521.548,IA,IADNR_ISU,1,IA001,8/2/04,2004,44.96,2191,181.21,5.636,2.443,4.231,high
Arrowhead Pond (Pottawattamie),33873.27357,2047676.737,IA,IADNR_ISU,2,IA002,7/28/04,2004,132.92,1741,171.93,6.259,2.239,4.178,high
Avenue of the Saints Lake,281954.2627,2194930.719,IA,IADNR_ISU,4,IA004,8/10/04,2004,42.48,1402,288.9,13.849,1.928,22.971,high
Badger Creek Lake,172288.371,2053430.691,IA,IADNR_ISU,5,IA005,8/5/04,2004,97.36,932,361.5,100.228,3.159,45.15,high
Badger Lake,147837.9068,2177930.075,IA,IADNR_ISU,6,IA006,7/22/04,2004,22.08,14661,39.24,18.841,2.017,50.729,high
Beaver Lake,147786.4948,2059848.59,IA,IADNR_ISU,7,IA007,7/26/04,2004,92.72,2191,122.34,13.379,2.933,4.081,high
Big Creek Lake,185740.5762,2093250.034,IA,IADNR_ISU,9,IA009,8/2/04,2004,1.15,10391,21.86,316.452,5.502,189.481,high
Big Spirit Lake,73238.45628,2276009.088,IA,IADNR_ISU,10,IA010,7/20/04,2004,20.18,747,41.87,2145.717,5.183,153.578,high
Black Hawk Lake,79805.08335,2144216.653,IA,IADNR_ISU,11,IA011,7/19/04,2004,65.2,1483,144.95,367.834,1.534,53.332,high
Blue Lake,-13622.18345,2116552.231,IA,IADNR_ISU,12,IA012,7/28/04,2004,34.34,920,76.68,111.289,1.4,20.343,high
Browns Lake,-27225.70217,2145332.958,IA,IADNR_ISU,15,IA015,7/19/04,2004,5.48,1036,55.43,166.554,1.387,24.522,high
Carter Lake,6934.484434,2032811.405,IA,IADNR_ISU,17,IA017,7/27/04,2004,102.24,2174,198.77,130.066,2.587,9.705,high
Center Lake,69627.17538,2269081.585,IA,IADNR_ISU,19,IA019,7/20/04,2004,32.52,1975,155.38,103.673,2.96,2.476,high
Clear Lake,208014.5033,2239702.385,IA,IADNR_ISU,21,IA021,8/9/04,2004,83.04,2396,98.66,1575.458,2.855,38.598,high
Crawford Creek Impoundment,32451.23958,2141505.489,IA,IADNR_ISU,24,IA024,7/19/04,2004,10.67,756,36.06,25.13,3.521,9.631,high
Dog Creek Lake,42984.60025,2215903.777,IA,IADNR_ISU,30,IA030,7/20/04,2004,58.4,3679,77.36,11.689,2.984,11.49,high
Don Williams Lake,162566.7885,2125104.448,IA,IADNR_ISU,31,IA031,7/29/04,2004,18.16,10376,37.13,60.244,5.152,85.263,high
East Lake (Osceola),188223.4267,2004994.615,IA,IADNR_ISU,32,IA032,8/6/04,2004,99.89,1883,316.08,5.388,2.131,1.201,high
East Okoboji Lake,72618.11142,2266574.633,IA,IADNR_ISU,33,IA033,7/21/04,2004,14.94,1328,96.95,745.74,3.163,47.668,high
Five Island Lake,108372.2397,2239053.79,IA,IADNR_ISU,36,IA036,7/21/04,2004,57.69,5051,84.04,390.703,1.076,31.266,high
Fogle Lake,137948.0088,1979504.418,IA,IADNR_ISU,37,IA037,7/27/04,2004,18.96,1662,62.68,15.729,2.798,2.058,high
Green Castle Lake,258462.2745,2107068.369,IA,IADNR_ISU,40,IA040,8/2/04,2004,6.31,1608,27.77,6.519,2.912,1.072,high
Green Valley Lake,134279.5049,2011656.984,IA,IADNR_ISU,41,IA041,7/27/04,2004,14.38,2078,48.99,146.826,2.713,19.245,high
Greenfield Lake,126450.5456,2033081.926,IA,IADNR_ISU,42,IA042,7/26/04,2004,38.24,1237,107.11,19.597,3.082,3.808,high
Hickory Grove Lake,217474.3886,2112245.805,IA,IADNR_ISU,45,IA045,8/2/04,2004,19.24,6828,42.57,40.555,4.848,16.004,high
Ingham Lake,105315.0466,2258859.94,IA,IADNR_ISU,48,IA048,7/21/04,2004,160.88,2574,107.12,151.066,1.89,3.707,high
Lake Cornelia,187956.1544,2201156.793,IA,IADNR_ISU,53,IA053,8/9/04,2004,39.58,2021,83.14,99.171,2.348,2.998,high
Lake Icaria,106314.4259,2006508.415,IA,IADNR_ISU,57,IA057,7/27/04,2004,1.95,2640,56.83,272.046,3.413,68.02,high
Lake Manawa,11964.93221,2022078.705,IA,IADNR_ISU,60,IA060,7/27/04,2004,63.72,1744,123.62,315.782,1.355,9.813,high
Lake Orient,130072.9334,2022191.167,IA,IADNR_ISU,67,IA067,7/26/04,2004,44.4,2294,138.68,10.672,1.826,2.363,high
Lake Pahoja,-37508.78564,2265555.105,IA,IADNR_ISU,68,IA068,7/20/04,2004,46.2,4963,69.85,25.93,3.266,15.606,high
Lake Smith,142320.098,2237816.914,IA,IADNR_ISU,69,IA069,7/22/04,2004,46.03,4200,90.8,22.919,1.657,5.74,high
Little Sioux Park Lake,16265.59179,2160987.751,IA,IADNR_ISU,73,IA073,7/19/04,2004,4.29,571,20.2,4.367,3.141,0.25,high
Little Spirit Lake,70335.37121,2278412.03,IA,IADNR_ISU,74,IA074,7/21/04,2004,7.66,3732,361.83,249.029,1.831,5.844,high
Little Wall Lake,193674.8785,2143467.227,IA,IADNR_ISU,75,IA075,8/9/04,2004,66.24,2825,89.27,100.23,1.616,0.758,high
Littlefield Lake,100717.0982,2062039.757,IA,IADNR_ISU,76,IA076,7/28/04,2004,90.64,1867,97.69,23.424,2.449,9.895,high
Lost Island Lake,88309.45223,2242386.398,IA,IADNR_ISU,77,IA077,7/21/04,2004,37.46,1482,70.49,472.217,3.143,20.73,high
Manteno Park Pond,44152.65825,2094776.523,IA,IADNR_ISU,80,IA080,7/28/04,2004,97.04,1277,112.61,5.68,2.036,9.118,high
Mariposa Lake,250548.3056,2090169.345,IA,IADNR_ISU,81,IA081,8/2/04,2004,228.64,2649,200.16,7.478,2.375,2.33,high
Meadow Lake,129621.6638,2043365.352,IA,IADNR_ISU,82,IA082,7/26/04,2004,40,1490,116.29,14.008,3.109,3.149,high
Meyers Lake,303081.8643,2168451.616,IA,IADNR_ISU,83,IA083,8/10/04,2004,35.4,1340,89.67,12.565,2.205,0.276,high
Mill Creek Lake,26877.54765,2221141.143,IA,IADNR_ISU,84,IA084,7/19/04,2004,15.52,1692,34.02,12.637,1.425,14.423,high
Mitchell Lake,301043.213,2170148.057,IA,IADNR_ISU,85,IA085,8/10/04,2004,31.73,1404,77.46,5.107,7.187,0.017,high
Mormon Trail Lake,113654.894,2026925.232,IA,IADNR_ISU,87,IA087,7/26/04,2004,30.44,1007,33.42,13.071,4.207,1.556,high
North Twin Lake,111903.6267,2166007.975,IA,IADNR_ISU,90,IA090,7/22/04,2004,39.76,1499,67.88,186.29,3.019,8.487,high
Oldham Lake,17418.53591,2112107.936,IA,IADNR_ISU,91,IA091,7/29/04,2004,28.16,530,76.92,5.506,3.035,2.783,high
Otter Creek Lake,286058.095,2121117.324,IA,IADNR_ISU,92,IA092,8/11/04,2004,65.36,2067,103.43,25.651,2.988,3.967,high
Ottumwa Central Park Ponds,298198.961,2005397.346,IA,IADNR_ISU,93,IA093,8/4/04,2004,138.96,4308,355.19,28.294,1.704,9.02,high
Pierce Creek Lake,53775.37957,1980256.99,IA,IADNR_ISU,94,IA094,7/27/04,2004,51.32,1943,97.25,13.744,1.72,11.161,high
Prairie Rose Lake,64594.46603,2066187.824,IA,IADNR_ISU,97,IA097,7/28/04,2004,32.4,3076,56.58,77.115,2.326,18.007,high
Silver Lake (Dickinson),52597.77173,2272489.672,IA,IADNR_ISU,105,IA105,7/20/04,2004,327.84,3598,194.79,417.228,1.847,61.55,high
Silver Lake (Delaware),382099.9043,2167689.036,IA,IADNR_ISU,107,IA107,8/11/04,2004,100.8,4123,330.97,15.564,1.951,0.815,high
South Prairie Lake,289068.3404,2169663.767,IA,IADNR_ISU,110,IA110,8/10/04,2004,49.08,1370,160.55,9.985,2.862,0.247,high
Storm Lake (incl Little Storm Lake),64655.01208,2180968.48,IA,IADNR_ISU,113,IA113,7/22/04,2004,28.56,1198,96.07,1234.786,2.308,59.493,high
Twelve Mile Creek Lake,144255.9389,2008292.514,IA,IADNR_ISU,119,IA119,7/27/04,2004,24.88,2036,30.14,233.026,4.599,56.735,high
West Lake (Osceola),182213.3318,2004759.433,IA,IADNR_ISU,126,IA126,8/6/04,2004,22.27,882,100.16,109.919,4.286,23.884,high
Willow Lake,17436.92004,2085152.412,IA,IADNR_ISU,129,IA129,7/28/04,2004,22,1001,38.03,10.963,3.835,1.97,high
Wilson Park Lake,121775.14,1981661.559,IA,IADNR_ISU,130,IA130,7/27/04,2004,42.28,2036,161.99,6.628,2.831,0.592,high
Windmill Lake,98301.19577,1969343.107,IA,IADNR_ISU,131,IA131,7/27/04,2004,36.95,2106,166.17,9.698,3.103,2.224,high
Gilead Lake,892041.876,2138799.537,MI,MI_DNR_ST,12_122,MI12_122,,2003,4.8,703,7,56.351,5.9,1.228,high
Craig Lake,900598.7036,2162670.833,MI,MI_STORET,12_21,MI12_21,9/24/79,1979,14,748,27,46.824,2.6,441.875,high
Rainbow Lake,861149.9058,2307469.562,MI,MI_STORET,59_306,MI59_306,9/4/80,1980,7.4,984,24,67.889,1.5,0.758,high
Cowden Lake,856808.0274,2310273.495,MI,MI_STORET,59_347,MI59_347,8/25/76,1976,20,511,33,44.942,5.1,1.097,high
Sand Lake,866751.6985,2149154.081,MI,MI_STORET,78_51,MI78_51,9/30/80,1980,8.8,1312,37,38.246,2.5,1.836,high
Duncan Lake,850187.0414,2242058.775,MI,MI_STORET,8_731,MI8_731,9/3/80,1980,10,1702,34,52.505,7.6,42.586,high
School Section Lake,822125.3295,2187239.508,MI,MI_STORET,80_165,MI80_165,9/10/81,1981,3.7,683,19,32.065,5.5,4.384,high
Rush Lake,801373.5603,2178990.013,MI,MI_STORET,80_194,MI80_194,9/14/77,1977,7.2,442,15,49.043,5,3.211,high
COMUS LAKE,599088.4878,2205693.142,WI,WIDNRbaseline,794200,WI794200,7/30/02,2002,145,3591,305,52.917,1.219,93.171,high
LOST LAKE,565965.1219,2293158.059,WI,WIDNROther,837100,WI837100,8/30/00,2000,119,3820,765,99.952,1.524,2.588,high
ASHIPPUN LAKE,608343.2066,2264382.804,WI,WIDNRbaseline,854300,WI854300,7/31/02,2002,2.15,1098,13,38.135,6.706,5.176,high
LONG LAKE,272646.8024,2501229.316,WI,WIDNROther,2478200,WI2478200,8/23/00,2000,70,2142,149,110.617,3.353,7.764,high
PINE LAKE,284958.7095,2454713.021,WI,WIDNRbaseline,2489700,WI2489700,7/24/03,2003,25.9,1600,69,47.943,2.438,7.764,high
RIVERDALE FLOWAGE,264458.8181,2466131.877,WI,WIDNRbaseline,2614600,WI2614600,7/24/03,2003,6.35,1464,72,27.57,1.829,820.422,high
Norway Lake,563330.8747,2624505.878,MI,MI_STORET,36_1488,MI36_1488,8/10/81,1981,2.3,223,8,20.999,2.6,0.229,low
Green Belt Lake,294963.9201,2170109.928,IA,IADNR_ISU,39,IA039,8/10/04,2004,39.62,1025,40.97,7.557,3.608,0.097,low
BASS LAKE,624001.0263,2486479.142,WI,WIDNRbaseline,521400,WI521400,9/3/02,2002,4.32,749,11,16.326,9.144,2.588,low
Arrowhead Lake (Sac),77731.13054,2144131.825,IA,IADNR_ISU,3,IA003,7/19/04,2004,7.1,605,17.93,12.906,2.781,1.284,high
Beeds Lake,224222.5304,2200280.05,IA,IADNR_ISU,8,IA008,8/9/04,2004,107.6,5058,102.94,39.089,2.641,82.452,high
Bob White Lake,217946.8283,1969859.864,IA,IADNR_ISU,13,IA013,8/5/04,2004,66.36,1364,375.52,36.96,1.639,13.986,high
Briggs Woods Lake,180335.1454,2161548.821,IA,IADNR_ISU,14,IA014,8/9/04,2004,45.44,12774,62.11,24.957,3.659,28.94,high
Central Park Lake,399033.9341,2133628.389,IA,IADNR_ISU,20,IA020,8/11/04,2004,42.24,1533,97.23,9.596,2.439,1.499,high
Cold Springs Lake,75894.20414,2032046.264,IA,IADNR_ISU,22,IA022,7/27/04,2004,34.84,1726,76.52,6.157,2.154,0.085,high
Dale Maffitt Reservoir,182753.1572,2058654.187,IA,IADNR_ISU,26,IA026,8/5/04,2004,4.51,399,17.28,84.376,8.023,2.844,high
DeSoto Bend Lake,-1390.594795,2054157.861,IA,IADNR_ISU,28,IA028,7/28/04,2004,75.12,1363,116.72,350.148,2.708,50.492,high
Diamond Lake,285330.7719,2069958.765,IA,IADNR_ISU,29,IA029,8/3/04,2004,64.62,1554,134.05,37.77,2.662,10.816,high
Easter Lake,201681.2323,2062536.608,IA,IADNR_ISU,34,IA034,8/2/04,2004,40.36,1797,52.61,68.018,3.414,25.77,high
Eldred Sherwood Lake,197777.1565,2218514.04,IA,IADNR_ISU,35,IA035,8/9/04,2004,45.06,10628,94.37,8.742,2.825,8.651,high
George Wyth Lake,294010.9555,2176319.512,IA,IADNR_ISU,38,IA038,8/10/04,2004,20.98,564,45.56,30.31,2.787,1.779,high
Hannen Lake,320203.9191,2102586.654,IA,IADNR_ISU,43,IA043,8/11/04,2004,27.88,1404,97.02,15.032,2.754,2.292,high
Hawthorn Lake (aka Barnes City Lake),293315.1117,2057911.234,IA,IADNR_ISU,44,IA044,8/3/04,2004,25.74,902,46.78,72.424,3.502,12.57,high
Lake Hendricks,278601.6117,2269621.709,IA,IADNR_ISU,56,IA056,8/10/04,2004,51.32,7886,76.18,19.443,2.353,4.711,high
Lake Iowa,316334.4959,2076489.464,IA,IADNR_ISU,58,IA058,8/3/04,2004,121.62,4104,101.66,33.867,3.544,5.241,high
Lake Keomah,287383.4079,2037182.565,IA,IADNR_ISU,59,IA059,8/3/04,2004,74.82,1659,173.59,32.227,3.071,7.587,high
Lake Meyer,330803.7895,2249319.442,IA,IADNR_ISU,62,IA062,8/10/04,2004,44.88,2438,73.62,13.278,3.537,6.031,high
Lake of the Hills,440529.7434,2069581.737,IA,IADNR_ISU,65,IA065,8/11/04,2004,35.66,1530,72.39,44.574,2.988,6.678,high
Lake of Three Fires,109591.517,1967171.888,IA,IADNR_ISU,66,IA066,7/27/04,2004,8.05,3393,116.69,39.1,2.516,14.649,high
Lake Sugema,334133.3034,1970517.802,IA,IADNR_ISU,70,IA070,8/4/04,2004,44.76,3064,57.41,250.709,3.618,43.126,high
Little River Watershed Lake,186074.3614,1973232.681,IA,IADNR_ISU,72,IA072,8/5/04,2004,109.94,1082,74.9,314.994,4.365,50.796,high
Moorehead Park Pond,42528.0392,2151146.612,IA,IADNR_ISU,86,IA086,7/19/04,2004,8.62,495,31.67,4.175,4.034,2.051,high
Pleasant Creek Lake,342704.9998,2131261.91,IA,IADNR_ISU,95,IA095,8/11/04,2004,12.95,823,54.48,163.737,4.959,8.335,high
Roberts Creek Lake,244463.3375,2050694.916,IA,IADNR_ISU,101,IA101,8/3/04,2004,19.91,2264,69.19,113.454,2.679,31.611,high
Rock Creek Lake,260112.3272,2086284.292,IA,IADNR_ISU,102,IA102,8/2/04,2004,26.26,3288,56.47,191.259,2.63,105.506,high
Rodgers Park Lake,321575.3406,2139577.892,IA,IADNR_ISU,103,IA103,8/11/04,2004,13.29,4589,79.96,8.605,2.208,8.211,high
Slip Bluff Lake,180164.6474,1962090.977,IA,IADNR_ISU,109,IA109,8/5/04,2004,8.72,447,22.99,6.514,3.856,0.972,high
Thayer Lake,161262.9242,2003059.379,IA,IADNR_ISU,115,IA115,7/26/04,2004,77.44,1735,155.79,5.022,1.955,1.998,high
Three Mile Lake,147227.6954,2009894.648,IA,IADNR_ISU,116,IA116,7/26/04,2004,26.81,1222,57.6,320.431,4.975,88.726,high
Union Grove Lake,268928.7175,2129955.851,IA,IADNR_ISU,120,IA120,8/11/04,2004,71.52,2352,163.45,42.868,1.869,27.658,high
Viking Lake,80427.91724,1996112.417,IA,IADNR_ISU,123,IA123,7/27/04,2004,35.8,1742,92.65,59.407,4.73,8.189,high
White Oak Lake,292842.6459,2034802.034,IA,IADNR_ISU,127,IA127,8/3/04,2004,20.86,1086,90.19,7.206,2.566,2.304,high
Williamson Pond,232077.0104,2013037.994,IA,IADNR_ISU,128,IA128,8/4/04,2004,28.56,1694,175.27,5.854,2.479,5.956,high
Morrison Lake,900705.3907,2160634.17,MI,MI_STORET,12_23,MI12_23,9/24/79,1979,16,936,22,117.1,6.1,429.651,high
South Lake,900766.054,2155213.935,MI,MI_STORET,12_55,MI12_55,9/24/79,1979,35,1717,69,63.882,1.3,345.329,high
Cary Lake,895417.4261,2151427.648,MI,MI_STORET,12_72,MI12_72,9/19/78,1978,4,1055,9,30.534,6.3,18.677,high
Matteson Lake,886695.8309,2153052.914,MI,MI_STORET,12_73,MI12_73,9/17/81,1981,2.3,758,25,126.049,4.6,44.518,high
Wabascon Lake,879817.086,2206982.959,MI,MI_STORET,13_144,MI13_144,9/2/80,1980,5.1,855,52,28.884,6,78.71,high
Prairie Lake,914982.3814,2203098.335,MI,MI_STORET,13_23,MI13_23,9/6/79,1979,7,771,16,35.855,4,78.141,high
Goguac Lake,881812.8266,2192831.337,MI,MI_STORET,13_359,MI13_359,9/15/82,1982,0.43,588,16,136.526,5.3,6.82,high
Lee Lake,890929.7417,2182084.717,MI,MI_STORET,13_487,MI13_487,9/13/77,1977,2.2,478,7,52.985,7.9,1.92,high
Warner Lake,896905.9698,2179305.038,MI,MI_STORET,13_537,MI13_537,9/6/79,1979,11,962,16,23.205,4.1,4.967,high
Duck Lake,915448.6434,2208224.467,MI,MI_STORET,13_9,MI13_9,9/17/81,1981,0.69,638,14,241.229,4,6.511,high
Harwood Lake,840768.8917,2148186.089,MI,MI_STORET,14_158,MI14_158,9/22/81,1981,2.2,502,13,47.663,7.2,18.538,high
Diamond Lake,824138.3507,2141886.246,MI,MI_STORET,14_223,MI14_223,9/28/81,1981,4.9,912,15,421.391,4.6,27.635,high
Donnell Lake,830948.7995,2144565.459,MI,MI_STORET,14_224,MI14_224,9/28/81,1981,5.4,867.9999,10,98.956,7.6,35.064,high
Stone Lake,820736.6576,2143401.246,MI,MI_STORET,14_252.1,MI14_252.1,9/29/81,1981,5.8,976,51,63.463,6.06,5.244,high
Birch Lake,834369.877,2141880.848,MI,MI_STORET,14_274,MI14_274,9/28/81,1981,2.6,395,12,114.134,12.3,15.089,high
Kearsley Reservoir,998674.5681,2294241.215,MI,MI_STORET,25_124,MI25_124,9/8/81,1981,0.79,2756,101,68.522,1.5,292.587,high
Boardman Lake,819264,2462291.865,MI,MI_STORET,28_187,MI28_187,8/28/80,1980,1,406,3,126.08,7.9,673.214,high
Big Lake,839966.6316,2218473.015,MI,MI_STORET,3_128,MI3_128,9/29/80,1980,4.2,648,21,61.341,3.9,3.316,high
Miner Lake,831134.1059,2219154.573,MI,MI_STORET,3_158,MI3_158,9/29/80,1980,1.8,761,14,132.826,7.2,10.4,high
Hutchins Lake,803759.5391,2217528.787,MI,MI_STORET,3_178,MI3_178,9/3/81,1981,2.3,558,11,153.479,3.2,6.091,high
Selkirk Lake,844247.5968,2225029.23,MI,MI_STORET,3_223,MI3_223,9/2/76,1976,23,731,21,37.236,3.6,6.597,high
Green Lake,845346.3588,2241237.604,MI,MI_DNR_ST,3_308,MI3_308,,2003,3.5,567,8,120.71,9.2,7.917,high
Base Line Lake,827918.8419,2202444.02,MI,MI_STORET,3_44,MI3_44,9/30/80,1980,22,1046,52,85.413,9.5,24.362,high
Eagle Lake,822072.7505,2202036.561,MI,MI_STORET,3_60,MI3_60,9/30/80,1980,4.2,467,17,88.05,6.5,1.708,high
Duck Lake,823977.5836,2202138.938,MI,MI_STORET,3_63,MI3_63,9/30/80,1980,9.1,1103,33,56.411,4.5,3.826,high
Round Lake,923106.4394,2154014.996,MI,MI_DNR_ST,30_276,MI30_276,,2002,6,562,11,31.454,6.2,8.577,high
Long Lake,921450.4234,2149839.956,MI,MI_DNR_ST,30_278,MI30_278,,2004,5.2,759,19,86.074,3.5,36.679,high
Morrison Lake,874712.3552,2256745.575,MI,MI_DNR_ST,34_21,MI34_21,,2003,25,1630,53,127.04,3.9,26.017,high
Stevenson Lake,894307.0179,2359935.645,MI,MI_DNR_ST,37_120,MI37_120,,2002,4,860,31,53.386,4.1,17.05,high
Grass Lake,963328.7478,2199705.888,MI,MI_STORET,38_134,MI38_134,9/15/81,1981,1.2,839,16,142.788,0.8,10.538,high
Clark Lake,956560.0584,2183319.328,MI,MI_STORET,38_518,MI38_518,9/15/81,1981,0.69,415,11,233.274,3.4,4.132,high
Round Lake,944770.1293,2178198.027,MI,MI_DNR_ST,38_568,MI38_568,,2003,3.2,595,7,61.306,2.4,0.702,high
Austin Lake,855700.6788,2177928.401,MI,MI_STORET,39_263,MI39_263,9/24/80,1980,8.4,767,19,445.737,1.3,40.602,high
Eagle Lake,841356.1663,2180309.523,MI,MI_STORET,39_275,MI39_275,9/8/81,1981,1.5,576,11,78.557,1.524,4.531,high
Big Pine Island Lake,859423.2367,2281956.589,MI,MI_STORET,41_278,MI41_278,9/2/80,1980,7,515,18,78.697,4.6,4.087,high
Big Myers Lake,848998.9794,2284874.418,MI,MI_STORET,41_498,MI41_498,8/30/76,1976,8.2,859,26,35.87,3.7,0.271,high
Camp Lake,834248.5477,2287835.063,MI,MI_DNR_ST,41_516,MI41_516,,2003,11,965,18,54.52,7.5,3.462,high
Bass Lake,860295.7764,2300592.515,MI,MI_STORET,41_573,MI41_573,9/3/80,1980,5.1,618,60,76.122,2.3,3.968,high
Allen Lake,968744.9719,2177698.328,MI,MI_STORET,46_56,MI46_56,9/26/78,1978,2,589,11,25.533,5.7,2.717,high
Clear Lake,849849.2449,2345964.318,MI,MI_STORET,54_173,MI54_173,8/25/81,1981,1.2,819,16,50.05,3.1,1.337,high
Dickerson Lake,872688.3835,2305493.822,MI,MI_STORET,59_182,MI59_182,8/31/76,1976,5.4,697,12,91.47,5.9,15.762,high
Clifford Lake,870711.7894,2306748.829,MI,MI_STORET,59_295,MI59_295,8/31/76,1976,5.1,717,11,78.823,4.7,2.83,high
Winfield Lake,855496.0689,2313501.995,MI,MI_STORET,59_335,MI59_335,9/2/87,1987,8,1150,17,47.975,5.2,35.531,high
Muskellunge Lake,858061.5001,2305415.055,MI,MI_STORET,59_361,MI59_361,9/18/78,1978,11,593,16,55.472,5.6,15.116,high
Tamarack Lake,862745.1285,2320870.426,MI,MI_STORET,59_448,MI59_448,8/26/81,1981,3.4,1416,57,127.675,1.5,2.826,high
Half Moon Lake,821704.9323,2295405.218,MI,MI_DNR_ST,61_20,MI61_20,,2003,13,962,16,25.763,6.9,3.179,high
Bear Lake,783777.8359,2291397.482,MI,MI_STORET,61_54,MI61_54,9/2/81,1981,17,1238,51,161.363,2.2,72.454,high
Mona Lake,786613.19,2283152.046,MI,MI_STORET,61_7,MI61_7,9/2/81,1981,12,1542,155,267.413,4,191.634,high
Fremont Lake,806699.5756,2315654.076,MI,MI_STORET,62_128,MI62_128,9/21/82,1982,12,755,23,333.756,9.9,40.223,high
Lake Orion,1033595.166,2267171.879,MI,MI_STORET,63_1221,MI63_1221,9/9/81,1981,0.85,671,18,184.522,5,96.259,high
Wolverine Lake,1018139.087,2239857.609,MI,MI_STORET,63_299,MI63_299,9/10/81,1981,1.5,634,27,108.529,2.3,8.762,high
Oakland Lake,1026187.135,2256806.375,MI,MI_STORET,63_846,MI63_846,9/13/76,1976,5.3,564,17,122.544,3.4,175.407,high
Crescent Lake,1025061.709,2250366.846,MI,MI_DNR_ST,63_918,MI63_918,,2004,1.9,652,13,36.422,4,1.822,high
Crockery Lake,819307.6256,2285266.158,MI,MI_STORET,70_164,MI70_164,8/31/81,1981,3.7,649,36,41.972,7.5,9.761,high
Fish Lake,865305.7279,2145090.007,MI,MI_STORET,78_142,MI78_142,9/19/78,1978,3,512,10,59.447,7.4,9.44,high
Omena Lake,870368.7867,2140742.86,MI,MI_STORET,78_147,MI78_147,9/30/80,1980,2.6,809,15,49.646,5.5,5.559,high
Fishers Lake,856001.6669,2157171.772,MI,MI_STORET,78_29,MI78_29,9/13/77,1977,5.1,367,8,133.58,4,4.911,high
Long Lake,876040.4325,2150638.473,MI,MI_STORET,78_46,MI78_46,9/26/88,1988,14,893.9999,44,90.584,4.2,193.868,high
Pleasant Lake,845845.2142,2152156.635,MI,MI_STORET,78_94,MI78_94,9/22/81,1981,1.9,438,12,103.646,5.9,17.323,high
Crooked Lake,861561.5502,2212470.875,MI,MI_DNR_ST,8_141,MI8_141,,2004,5.8,553,14,436.196,2.2,26.972,high
Pine Lake,853780.1834,2212406.022,MI,MI_STORET,8_192,MI8_192,9/5/79,1979,3,575,10,247.511,3.6,5.648,high
Bristol Lake,876737.2947,2215374.421,MI,MI_DNR_ST,8_55,MI8_55,,2002,5,384,12,56.76,6.2,32.101,high
Clear Lake,874690.4627,2217182.909,MI,MI_STORET,8_57,MI8_57,9/4/79,1979,3.2,874,9,75.576,2,7.689,high
Fine Lake,873543.0311,2209819.838,MI,MI_STORET,8_84,MI8_84,9/4/79,1979,7.7,662,15,131.059,2.9,8.065,high
Clear Lake,831169.96,2201475.135,MI,MI_STORET,80_1,MI80_1,9/9/81,1981,1.6,790,20,28.191,7.5,22.021,high
Van Auken Lake,803090.4811,2180780.303,MI,MI_STORET,80_196,MI80_196,9/10/81,1981,2.6,708,15,102.175,6.7,2.129,high
Ackley Lake,828292.5985,2180767.733,MI,MI_STORET,80_209,MI80_209,9/8/81,1981,6.5,935,20,25.525,1.7,7.062,high
Maple Lake,827350.459,2180575.655,MI,MI_STORET,80_220,MI80_220,9/8/81,1981,10,934,28,75.847,2.2,245.5,high
Threemile Lake,822740.3326,2175052.444,MI,MI_STORET,80_233,MI80_233,9/8/81,1981,2.8,632,13,104.598,3.1,4.083,high
Reynolds Lake,818860.6563,2175891.074,MI,MI_STORET,80_243,MI80_243,9/8/81,1981,3.7,562,11,56.133,4.6,1.665,high
Shafer Lake,810514.6611,2174489.271,MI,MI_STORET,80_247,MI80_247,9/13/77,1977,5.8,348,8,29.206,10.3,3.362,high
Huzzy Lake,834324.022,2170578.038,MI,MI_STORET,80_258,MI80_258,9/22/81,1981,2.8,563,15,39.392,4.6,2.229,high
Cedar Lake,833662.5673,2165303.731,MI,MI_STORET,80_273,MI80_273,9/8/76,1976,3.6,762,32,111.234,7.3,4.776,high
Gravel Lake,831072.9869,2163879.502,MI,MI_STORET,80_281,MI80_281,9/22/81,1981,1.2,431,12,120.305,5.6,8.407,high
Round Lake,803031.0994,2161349.099,MI,MI_STORET,80_318,MI80_318,9/13/77,1977,52,1073,32,83.096,2.3,1.487,high
Magician Lake,806883.5698,2160153.157,MI,MI_STORET,80_320,MI80_320,9/22/81,1981,1.4,478,12,209.873,3.87,7.353,high
Lake Eleven,815493.8636,2198155.492,MI,MI_STORET,80_70,MI80_70,9/9/81,1981,2.2,754,18,21.832,5.3,3.015,high
BIG CEDAR LAKE,623092.4143,2290252.244,WI,WIDNRbaseline,25300,WI25300,8/21/03,2003,7.68,490,13,379.188,10.363,25.881,high
FENNER LAKE,512186.0617,2336397.686,WI,WIDNRbaseline,103400,WI103400,8/26/03,2003,3.16,600,21,16.569,1.524,7.764,high
SPENCER LAKE,548341.502,2386585.505,WI,WIDNRbaseline,255000,WI255000,9/13/04,2004,1.58,785,8,28.194,9.144,5.176,high
SCHOOL SECTION LAKE,559947.4027,2416426.102,WI,WIDNRbaseline,283600,WI283600,9/13/04,2004,12.5,1150,32,15.593,8.534,7.764,high
MARION MILLPOND,561014.1558,2430276.515,WI,WIDNRbaseline,294500,WI294500,9/13/04,2004,3.64,620,25,46.825,1.524,49.174,high
UPPER RED LAKE,567565.5735,2451721.881,WI,WIDNROther,329900,WI329900,8/15/00,2000,6,799,36,79.099,1.829,380.448,high
SANDSTONE FLOWAGE,620560.9721,2496927.226,WI,WIDNRbaseline,531300,WI531300,9/2/03,2003,15.3,430,24,51.01,3.048,1734.015,high
EAGLE LAKE,640562.7545,2215882.769,WI,WIDNROther,759800,WI759800,8/31/00,2000,59,2106,91,214.215,1.829,18.117,high
PEWAUKEE LAKE,622443.2115,2255850.49,WI,WIDNRbaseline,772000,WI772000,8/18/03,2003,14.3,700,23,986.307,4.572,51.762,high
DELAVAN LAKE,601609.4401,2201073.796,WI,WIDNRbaseline,793600,WI793600,7/30/02,2002,8.33,760,31,726.645,6.401,90.583,high
LOWER SPRING LAKE,602648.4864,2232804.613,WI,WIDNROther,820800,WI820800,8/28/00,2000,6,660,23,42.38,1.219,95.759,high
NAGAWICKA LAKE,615776.908,2256075.789,WI,WIDNRbaseline,828000,WI828000,7/31/02,2002,3.38,1453,14,396.973,10.973,119.052,high
OCONOMOWOC LAKE,609675.5843,2257833.414,WI,WIDNRbaseline,849600,WI849600,8/20/03,2003,2.62,560,10,328.71,9.754,225.163,high
MCDILL POND,511403.1391,2407167.228,WI,WIDNRbaseline,1403200,WI1403200,8/31/00,2000,4,1720,19,96.487,1.524,421.857,high
TAINTER LAKE,326064.6729,2450741.099,WI,WIDNROther,2068000,WI2068000,9/9/03,2003,63.1,2190,155,561.385,4.267,4340.213,high
LAKE HALLIE,359230.7862,2440614.149,WI,WIDNRbaseline,2150200,WI2150200,8/3/04,2004,2.63,1160,31,31.823,1.829,2.588,high
Ladysmith Flowage,383472.6261,2507549.548,WI,WIDNRbaseline,2228700,WI2228700,9/1/04,2004,2.75,735,22,68.99,2.438,4624.902,high
BIG BLAKE LAKE,286985.4218,2506337.261,WI,WIDNROther,2627000,WI2627000,8/23/00,2000,43,960,68,84.215,2.743,54.35,high
BIG TRADE LAKE,263623.4677,2524895.458,WI,WIDNROther,2638700,WI2638700,8/23/00,2000,15,970,36,132.457,4.572,147.521,high
Nawakwa Lake,770219.5032,2657125.611,MI,MI_STORET,2_514,MI2_514,8/28/75,1975,19.4,664,32,178.923,3,19.377,low
Camp 7 Lake,730990.9116,2599568.627,MI,MI_STORET,21_264,MI21_264,8/27/75,1975,3.9,518,7,20.964,5,0.684,low
Rock Lake,626055.6041,2573552.073,MI,MI_STORET,22_381,MI22_381,8/26/75,1975,4.8,642,14,35.072,3.6,1.545,low
McDonald Lake,461984.147,2613337.549,MI,MI_STORET,27_1026,MI27_1026,8/13/80,1980,10,1230,37,187.526,1,62.979,low
Little Oxbow Lake,488915.6285,2601691.978,MI,MI_STORET,27_858,MI27_858,8/9/81,1981,1.3,611,21,39.313,4.9,3.515,low
Londo Lake,961847.0824,2434485.61,MI,MI_DNR_ST,35_104,MI35_104,,2003,3.3,2030,29,72.843,1.8,2.903,low
West Londo Lake,961062.1973,2435166.193,MI,MI_STORET,35_105,MI35_105,8/27/80,1980,3.7,938,11,79.738,2.1,1.177,low
Loud Dam Pond,969980.051,2447751.018,MI,MI_STORET,35_199,MI35_199,8/26/80,1980,1.3,235,10,240.81,4.3,4230.629,low
Round Lake,978425.3761,2435728.136,MI,MI_DNR_ST,35_4,MI35_4,,2002,4,820,20,36.313,1.5,18.229,low
Long Lake,962138.6627,2442054.238,MI,MI_DNR_ST,35_96,MI35_96,,2003,3.8,556,1,196.319,5,4.857,low
Emily Lake,580069.3339,2592300.593,MI,MI_DNR_ST,36_363,MI36_363,,2002,9,586,38,131.898,3.4,58.344,low
Sugarloaf Lake,849379.3822,2175267.855,MI,MI_STORET,39_267,MI39_267,9/24/80,1980,1.6,810,15,59.166,3.3,20.45,low
Fanny Hooe Lake,616490.9906,2745426.158,MI,MI_STORET,42_146,MI42_146,8/25/75,1975,2.28,342,16,93.176,6.4,40.045,low
Lac La Belle,607259.4571,2735026.049,MI,MI_STORET,42_33,MI42_33,8/30/78,1978,1,422,12,487.739,6.5,100.118,low
Pike Lake,811882.2448,2673435.211,MI,MI_STORET,48_480,MI48_480,8/28/78,1978,4,440,10,117.21,4.7,23.352,low
Bodi Lake,817424.2099,2679829.264,MI,MI_STORET,48_681,MI48_681,8/21/77,1977,6.9,364,20,118.582,3.5,8.641,low
Lake Skegemog,841383.8095,2471386.472,MI,MI_STORET,5_1,MI5_1,8/20/75,1975,1.6,299,8,1118.412,3.4,1146.35,low
Lake Bellaire,846692.5084,2488450.899,MI,MI_STORET,5_50,MI5_50,8/20/75,1975,2,363,12,723.728,12.7,413.392,low
Clam Lake,845344.6587,2485936.536,MI,MI_STORET,5_55,MI5_55,8/17/81,1981,1.6,336,7,176.958,4,492.488,low
Ben-way Lake,842910.7095,2504181.365,MI,MI_STORET,5_94,MI5_94,9/11/78,1978,6.8,437,14,51.389,4.6,178.689,low
Little Lake,667208.1862,2618024.587,MI,MI_STORET,52_182,MI52_182,8/10/80,1980,1.5,308,10,186.053,4.2,2.107,low
Johnson Lake,661878.7528,2616285.71,MI,MI_STORET,52_255,MI52_255,8/10/80,1980,0.78,271,3,31.691,5.9,0.466,low
Anderson Lake,656803.3611,2610666.255,MI,MI_STORET,52_91,MI52_91,8/10/80,1980,7.9,363,11,20.772,2.4,0.685,low
Long Lake,638131.3547,2519819.18,MI,MI_STORET,55_31,MI55_31,8/24/77,1977,4.3,514,13,28.669,3,137.047,low
Lake Fifteen,928642.8579,2502032.409,MI,MI_STORET,60_93,MI60_93,8/31/77,1977,3.2,211,3,36.518,9.4,105.465,low
Grousehaven Lake,949094.1295,2440132.828,MI,MI_STORET,65_123,MI65_123,9/6/78,1978,2,479,5,35.011,6.7,0.665,low
DeVoe Lake,948766.6391,2438815.327,MI,MI_STORET,65_133,MI65_133,9/6/78,1978,2.3,452,8,47.621,6.2,62.678,low
Sage Lake,955978.0273,2433659.957,MI,MI_STORET,65_161,MI65_161,8/18/75,1975,5.2,514,12,318.483,5.8,48.655,low
Au Sable Lake,956689.3156,2443152.028,MI,MI_STORET,65_200,MI65_200,8/27/80,1980,4.2,516,5,108.336,4,35.299,low
Hardwood Lake,953411.6176,2422009.036,MI,MI_STORET,65_60,MI65_60,8/26/76,1976,23,1238,39,72.182,3.4,18.456,low
Ruth Lake,598136.4959,2643169.631,MI,MI_STORET,7_160,MI7_160,8/25/75,1975,3.1,778,15,80.489,3.4,41.633,low
Big Lake,570044.1926,2646735.377,MI,MI_STORET,7_540,MI7_540,8/25/75,1975,2.8,414,9,48.061,1.3,3.13,low
Lake Nettie,938579.7676,2538348.322,MI,MI_DNR_ST,71_112,MI71_112,,2004,1.1,826,10,120.162,3.7,101.761,low
Sunken Lake,961378.4219,2531522.44,MI,MI_STORET,71_75,MI71_75,8/19/80,1980,5.1,596,21,28.947,3.4,334.081,low
Ross Lake,748962.7304,2648407.145,MI,MI_DNR_ST,75_1054,MI75_1054,,2004,2.9,288,3.9,78.8,3,22.129,low
Gulliver Lake,772273.1145,2595462.541,MI,MI_DNR_ST,75_47,MI75_47,,2004,4.2,413,6,356.149,3.5,15.149,low
Fish Lake,855352.6341,2219324.755,MI,MI_STORET,8_426,MI8_426,9/21/78,1978,4.5,484,5,61.255,9,34.594,low
RANDALL LAKE,463101.5963,2574546.496,WI,WIDNRbaseline,2318500,WI2318500,9/13/04,2004,9.21,690,27,46.714,2.438,10.352,low
MEDER LAKE,413399.1624,2599034.454,WI,WIDNRbaseline,2935300,WI2935300,9/8/04,2004,5.49,610,20,54.77,2.134,5.176,low
Indian Lake,356125.9584,1965523.121,IA,IADNR_ISU,47,IA047,8/4/04,2004,96.96,3952,313.11,20.812,1.583,1.397,low
Kent Park Lake,352472.2188,2088109.883,IA,IADNR_ISU,49,IA049,8/11/04,2004,38.28,2005,172.64,10.761,2.294,2.705,low
Lake Macbride,366827.66,2096549.667,IA,IADNR_ISU,61,IA061,8/11/04,2004,29.5,1691,42.67,287.684,4.81,65.41,low
Lower Pine Lake,239503.4862,2155835.755,IA,IADNR_ISU,79,IA079,8/9/04,2004,93.73,3689,155.15,24.225,1.837,3.818,low
Poll Miller Park Lake,382024.6798,1976033.443,IA,IADNR_ISU,96,IA096,8/4/04,2004,31.92,1268,40.22,7.12,3.707,1.028,low
Rathbun Reservoir,251240.9995,1988069.554,IA,IADNR_ISU,98,IA098,8/5/04,2004,31.22,786,44.22,4872.491,6.324,1421.903,low
Red Haw Lake,227432.4137,2001547.384,IA,IADNR_ISU,99,IA099,8/4/04,2004,27.26,1218,35.32,30.639,4.437,3.832,low
Red Rock Reservoir,239964.9407,2044036.25,IA,IADNR_ISU,100,IA100,8/3/04,2004,13.18,8905,127.81,6039.057,5.34,31079.856,low
Saylorville Reservoir,187667.5425,2085300.266,IA,IADNR_ISU,104,IA104,8/2/04,2004,16.57,9517,138.65,1975.025,4.738,15081.5,low
Upper Pine Lake,240445.289,2157121.069,IA,IADNR_ISU,122,IA122,8/9/04,2004,49.31,5844,101.18,29.446,2.211,35.167,low
Jewell Lake,977722.2776,2473858.387,MI,MI_DNR_ST,1_99,MI1_99,,2002,3,631,8,74.691,1.8,2.336,low
Upper Herring Lake,776734.2921,2436988.39,MI,MI_DNR_ST,10_19,MI10_19,,2004,3.3,382,10,231.699,4.6,44.956,low
Lake of the Woods,901447.0339,2146207.255,MI,MI_STORET,12_89,MI12_89,9/16/86,1986,3.3,819.9999,4,135.182,5.9,27.693,low
Upper Brace Lake,904397.6577,2189018.271,MI,MI_STORET,13_413,MI13_413,9/6/79,1979,3,708,8,28.678,5.8,5.452,low
Paradise Lake,829947.9664,2142698.779,MI,MI_STORET,14_299,MI14_299,9/28/81,1981,3.7,592,12,75.215,7.3,43.319,low
Twin Lakes,816899.7998,2157494.687,MI,MI_STORET,14_75,MI14_75,9/23/81,1981,0.89,656,11,24.695,5.2,0.863,low
Lake Charlevoix,850670.1051,2512982.167,MI,MI_STORET,15_21,MI15_21,8/30/77,1977,2.2,375,17,6987.534,18,784.811,low
Susan Lake,845932.1317,2529266.765,MI,MI_STORET,15_56,MI15_56,8/21/80,1980,2.8,680,11,50.832,1.8,19.374,low
Lancaster Lake,878924.9636,2567058.424,MI,MI_STORET,16_250,MI16_250,8/19/80,1980,0.49,604,13,20.512,8.2,16.381,low
Five Lakes,894210.7178,2372720.861,MI,MI_DNR_ST,18_6,MI18_6,,2004,3.9,479,14,48.091,3.2,5.474,low
Boney Falls Dam,676500.3377,2586497.599,MI,MI_STORET,21_257,MI21_257,8/8/81,1981,1.3,816,20,73.379,3,1948.278,low
Mary Lake,636151.9146,2556633.521,MI,MI_STORET,22_14,MI22_14,8/26/75,1975,3.1,536,9,35.333,6.5,42.13,low
Crooked Lake,872426.3752,2542487.715,MI,MI_STORET,24_27,MI24_27,8/20/80,1980,0.79,338,6,953.423,3,297.122,low
Pickerel Lake,877090.3648,2541768.989,MI,MI_STORET,24_31,MI24_31,8/20/80,1980,1.6,357,4,436.038,3.1,151.579,low
Round Lake,867554.3232,2541683.796,MI,MI_STORET,24_32,MI24_32,8/19/80,1980,2.3,676,11,142.929,1.7,10.072,low
C.S. Mott Impoundment,999325.0579,2299546.157,MI,MI_STORET,25_163,MI25_163,9/9/80,1980,32,1406,80,226.173,1.7,1487.876,low
Silver Lake,814554.1073,2454564.732,MI,MI_STORET,28_102,MI28_102,8/20/75,1975,1.4,392,12,246.052,6.7,21.475,low
Woodard Lake,883886.4776,2282741.707,MI,MI_STORET,34_69,MI34_69,9/4/80,1980,10,848,14,28.226,2.8,1.272,low
Coldwater Lake,884911.2455,2348223.396,MI,MI_STORET,37_109,MI37_109,8/23/76,1976,4.5,492,17,115.471,9.9,145.464,low
Littlefield Lake,884330.987,2359989.474,MI,MI_STORET,37_139,MI37_139,8/23/76,1976,1.8,282,5,56.509,9,14.811,low
Gilletts Lake,955425.5102,2198420.004,MI,MI_STORET,38_161,MI38_161,9/17/81,1981,0.5,890,17,135.27,1.4,7.001,low
Vandercook Lake,948931.8664,2190134.989,MI,MI_STORET,38_396,MI38_396,9/16/81,1981,5.8,759,22,58.594,7,163.655,low
Lime Lake,937147.5241,2188334.562,MI,MI_STORET,38_425,MI38_425,9/16/81,1981,0.79,1111,7,37.027,3.5,8.738,low
Vineyard Lake,966085.8995,2180166.532,MI,MI_STORET,38_503,MI38_503,9/14/81,1981,0.99,645,9,218.381,4.2,70.302,low
Swains Lake,929506.2827,2183532.903,MI,MI_STORET,38_612,MI38_612,9/16/81,1981,1.7,823,15,30.037,5.6,2.568,low
Paw Paw Lake,839691.2879,2174124.883,MI,MI_STORET,39_312,MI39_312,9/24/80,1980,2.3,387,8,49.975,7.4,4.6,low
Big Wabasis Lake,857627.81,2286076.108,MI,MI_STORET,41_464,MI41_464,9/2/80,1980,7,585,19,162.159,7.6,48.905,low
Davison Lake,1022363.491,2277805.235,MI,MI_STORET,44_79,MI44_79,9/10/80,1980,7.4,667,16,20.95,7.6,2.065,low
Big Fish Lake,1021198.898,2277871.044,MI,MI_DNR_ST,44_81,MI44_81,,2002,6,880,19,34.555,5,3.815,low
Cedar Lake,816014.4858,2468804.858,MI,MI_STORET,45_1,MI45_1,8/20/75,1975,1.1,747,9,99.654,8,15.929,low
South Lake Leelanau,807666.9364,2472165.453,MI,MI_STORET,45_3,MI45_3,9/12/78,1978,2.8,268,5,3483.557,9,325.395,low
Deep Lake,964764.5557,2174426.001,MI,MI_STORET,46_91,MI46_91,9/14/81,1981,1.1,614,10,28.198,7.3,5.327,low
Appleton Lake,990865.9042,2231479.798,MI,MI_STORET,47_66,MI47_66,9/25/78,1978,2.2,544,11,23.118,5.6,5.256,low
Bishop Lake,990046.9108,2230066.395,MI,MI_STORET,47_68,MI47_68,9/11/80,1980,2.8,907,12,43.465,2.7,1.744,low
St. Clair Lake,844217.7025,2512052.845,MI,MI_STORET,5_101,MI5_101,8/17/81,1981,2.1,518,13,24.025,3.1,108.753,low
Elk Lake,836369.608,2471460.179,MI,MI_STORET,5_2,MI5_2,8/20/75,1975,0.6,347,7,3247.238,20.5,1243.655,low
Stony Creek Lake,1048083.471,2263108.575,MI,MI_STORET,50_175,MI50_175,9/9/81,1981,5.8,748,42,235.664,2.4,176.495,low
Arcadia Lake,773553.2402,2427958.038,MI,MI_STORET,51_167,MI51_167,8/26/81,1981,4.2,532,21,98.246,2,63.957,low
Hackert Lake,772138.1555,2371911.207,MI,MI_STORET,53_101,MI53_101,9/9/80,1980,2.5,671,12.7,48.896,2,1.751,low
Townline Lake,845464.5445,2350207.174,MI,MI_STORET,54_153,MI54_153,8/24/81,1981,0.89,583,9,31.298,5.4,8.192,low
Merrill Lake,867030.6051,2362583.351,MI,MI_STORET,54_194,MI54_194,9/14/81,1981,3.4,798,13,34.37,2.6,3.899,low
Lake Mecosta,858508.7305,2338043.879,MI,MI_DNR_ST,54_54,MI54_54,,2002,6,332,15,126.166,3.2,45.638,low
Lake Missaukee,854057.0304,2418616.875,MI,MI_DNR_ST,57_45,MI57_45,,2004,4.5,531,14,825.217,3.2,23.647,low
Nevins Lake,875312.0835,2304105.449,MI,MI_DNR_ST,59_177,MI59_177,,2004,1,444,6,22.338,7,3.165,low
Lake Montcalm,869748.8734,2314904.91,MI,MI_DNR_ST,59_264,MI59_264,,2004,2.8,626,8,34.192,9.1,3.234,low
Horseshoe Lake,870130.7464,2317864.933,MI,MI_STORET,59_440,MI59_440,9/18/78,1978,8.7,740,20,39.338,7.4,29.76,low
East Twin Lake,791248.6939,2304687.988,MI,MI_STORET,61_109,MI61_109,9/1/81,1981,2.8,614,11,45.503,2.7,1.674,low
Englewright Lake,839042.444,2304600.546,MI,MI_STORET,62_11,MI62_11,9/3/80,1980,4.7,628,14,21.573,5.7,3.072,low
Baptist Lake,839036.3678,2305886.993,MI,MI_DNR_ST,62_12,MI62_12,,2003,6.3,724,17,32.561,6.8,0.591,low
Big Lake,1013208.897,2257603.285,MI,MI_STORET,63_1144,MI63_1144,8/3/82,1982,3.7,1137,32,86.112,1.2,8.691,low
Cass Lake,1026879.256,2247135.069,MI,MI_STORET,63_1337,MI63_1337,9/10/81,1981,1.4,513,12,517.256,9.1,240.504,low
Lakeville Lake,1041396.043,2273591.96,MI,MI_DNR_ST,63_1650,MI63_1650,,2004,1.6,509,14,173.898,3,13.316,low
Kent Lake,1005463.037,2234637.516,MI,MI_DNR_ST,63_2,MI63_2,,2004,6.6,683,67,410.343,1.9,388.379,low
Orchard Lake,1026981.644,2244386.683,MI,MI_DNR_ST,63_344,MI63_344,,2002,1,558,15,321.916,6.7,7.541,low
White Lake,1010293.046,2251417.981,MI,MI_STORET,63_575,MI63_575,9/13/76,1976,7.8,523,18,209.832,3.3,6.815,low
Lower Pettibone Lake,1007357.777,2246085.866,MI,MI_STORET,63_673,MI63_673,9/25/78,1978,5.8,658,15,38.507,5.8,39.382,low
Pontiac Lake,1018641.153,2252838.286,MI,MI_STORET,63_731,MI63_731,8/3/82,1982,4.7,723,24.67,248.063,1.2,50.687,low
McLaren Lake,797964.993,2334269.868,MI,MI_STORET,64_56,MI64_56,9/8/80,1980,6.5,455,21,104.535,6.9,24.843,low
George Lake,952852.6418,2439109.664,MI,MI_DNR_ST,65_151,MI65_151,,2003,5.2,1150,26,75.568,6.2,6.843,low
Lake George,934050.057,2415501.75,MI,MI_STORET,65_8,MI65_8,8/28/80,1980,4.7,438,3,36.548,8.3,11.36,low
Big Lake,896793.1045,2500137.282,MI,MI_STORET,69_157,MI69_157,9/12/78,1978,3.2,458,9,50.349,7.3,1.27,low
Thompson Lake,864925.3687,2139292.023,MI,MI_DNR_ST,78_151,MI78_151,,2002,2,328,17,59.936,4.6,14.006,low
Klinger Lake,860668.6525,2136516.767,MI,MI_STORET,78_171,MI78_171,9/14/76,1976,4.8,539,10,334.462,6.4,47.52,low
Long Lake,865205.1385,2221115.447,MI,MI_STORET,8_362,MI8_362,9/5/79,1979,4.4,841,17,105.85,5.5,4.608,low
Leach Lake,871084.7982,2237119.224,MI,MI_STORET,8_490,MI8_490,9/2/76,1976,11,702,21,43.432,6.5,20.059,low
Carter Lake,869219.3113,2234764.451,MI,MI_STORET,8_493,MI8_493,9/5/79,1979,12,799,15,24.157,2.6,25.68,low
Middle Lake,872111.2107,2238162.52,MI,MI_DNR_ST,8_658,MI8_658,,2002,7,706,15,54.525,5.9,13.388,low
Long Lake,877014.9944,2213692.974,MI,MI_DNR_ST,8_69,MI8_69,,2003,8.1,1290,3,30.516,7.9,4.883,low
Bankson Lake,836882.3919,2169631.371,MI,MI_STORET,80_261,MI80_261,9/22/81,1981,0.85,630,14,147.119,4.1,2.938,low
Brandywine Lake,828844.4979,2194206.348,MI,MI_STORET,80_27,MI80_27,9/8/76,1976,34,1376,49,29.444,2.9,3.143,low
Lake Fourteen,815235.942,2196549.544,MI,MI_STORET,80_71,MI80_71,9/9/81,1981,2.6,673,20,28.123,2.2,1.315,low
North Scott Lake,817290.9619,2191010.151,MI,MI_STORET,80_84,MI80_84,9/14/77,1977,8,585,9,30.878,6.1,2.413,low
South Scott Lake,817170.4594,2190231.009,MI,MI_STORET,80_84S,MI80_84S,9/14/77,1977,4.3,487,10,47.834,6.1,3.926,low
Fourmile Lake,982177.7667,2210819.289,MI,MI_STORET,81_102,MI81_102,9/25/80,1980,0.71,1057,19,104.295,1.4,13.122,low
Base Line Lake,987187.3418,2221486.255,MI,MI_STORET,81_107,MI81_107,9/27/79,1979,6.8,554,24,99.575,9.5,1053.064,low
South Lake,973380.9917,2216589.684,MI,MI_STORET,81_18,MI81_18,9/24/80,1980,1.5,549,9,81.756,5.6,34.171,low
North Lake,978474.2756,2216226.189,MI,MI_STORET,81_27.1,MI81_27.1,9/22/80,1980,5.1,595,16,90.732,3.93,3.359,low
Bruin Lake,975623.9244,2219215.686,MI,MI_STORET,81_6,MI81_6,9/22/80,1980,3.4,823,9,52.54,5.6,3.771,low
Joslin Lake,972989.3151,2218953.61,MI,MI_DNR_ST,81_7,MI81_7,,2002,2,1040,23,79.279,1.6,38.814,low
LAKE MARY,631457.2041,2195108.207,WI,WIDNRbaseline,743000,WI743000,9/8/03,2003,8.76,840,28,132.487,2.743,5.176,low
BOHNER LAKE,628441.4569,2206692.98,WI,WIDNRbaseline,750800,WI750800,9/8/03,2003,6.15,1060,25,54.758,2.743,12.94,low
MOOSE LAKE,614115.9642,2262242.794,WI,WIDNRbaseline,778400,WI778400,8/18/03,2003,1.79,640,11,33.687,12.192,2.588,low
ELK CREEK LAKE,343345.4453,2433309.652,WI,WIDNRbaseline,2121000,WI2121000,7/23/02,2002,3.04,3160,244,23.194,1.829,43.997,low
LAKE MALLALIEU,256310.1369,2448619.964,WI,WIDNRbaseline,2607100,WI2607100,7/23/01,2001,39,1750,89,116.989,1.524,452.914,low